<?xml version="1.0" encoding="UTF-8" standalone="yes"?>
<addon id="plugin.video.stalker-emu" name="[COLOR cyan]STB[/COLOR] [COLOR gold]EMU[/COLOR]" version="19.6+matrix3" provider-name="TEAM.STUBE">
    <requires>
		<import addon="xbmc.python" version="3.0.0"/>
		<import addon="script.module.requests" version="2.25.1+matrix.1"/>
	</requires>
	<extension point="xbmc.python.pluginsource" library="addon.py">
		<provides>video</provides>
	</extension>
	<extension point="xbmc.addon.metadata">
		<platform>all</platform>
		<summary lang="de">[COLORcyan] LIVE-TV, VOD, SERIEN[/COLOR] KODi Matrix</summary>
		<description lang="de">...</description>
		<license></license>
		<language></language>
		<forum></forum>
		<assets>
            <icon>/resources/icons/icon.png</icon>
            <fanart>fanart.jpg</fanart>
        </assets>


	</extension>
</addon>
