{
    "name"              : "[COLORcyan]Movie2k[/COLOR]",
	"plugin" 			: "plugin.video.xstream",
	"priority"          : 140,
	"language"          : "de",
	"is_resolvable"     : "true",
	"assert"            :{
							"play_movie":       ["title", "year"],
							"search_movie":     ["title"]
						},
	"fallback"			:{
							"play_movie": "xS_GlobalSearch.json search_movie",
							"play_episode": "xS_GlobalSearch.json search_episode"
						},
    "play_movie" 		:[
							"plugin://plugin.video.xstream/?function=showSearch&site=movie2k",
							{"keyboard": "{showname}"},
							{"title": "{showname}"}
						]
}

