{
    "items": [
        {
            "name": "Goldrausch in Australien",
            "pict": "https://eu1-prod-images.disco-api.com/2019/11/15/show-6193-208041836659525.jpg",
            "plot": "ONLINE SEHEN! Zwei M\u00e4nner, eine Mission. Mat und Andreas sind gute Freunde, und sie teilen eine gro\u00dfe Leidenschaft: die Suche nach kostbarem Edelmetall! Im australischen Outback hoffen die M\u00e4nner auf den ganz gro\u00dfen Fund. Aber die Wildnis gibt ihre Sch\u00e4tze nicht ohne M\u00fchen preis - das gilt besonders f\u00fcr die Regenzeit. Deshalb muss das Duo mit schweren Maschinen in Down Under um jede Unze k\u00e4mpfen. Und die harte Arbeit auf den Palmer River Goldfields wird auch mit einem Investor im R\u00fccken nicht leichter. Ganz im Gegenteil: Denn der Geldgeber will Ergebnisse sehen. Erf\u00fcllt sich f\u00fcr Profi-Schatzsucher Mat und seinen deutschen Kumpel in der vierten Staffel der Traum von riesigen Nuggets?[CR][CR]AB 5.11.2019 ONLINE UND IM HANDEL ERH\u00c4LTLICH: DAS BUCH ZUR SENDUNG: \"Goldrausch in Australien - Das abenteuerliche Goldgr\u00e4berleben des Australiers Matthew Vaughan und des Trierers Andreas Macherey im australischen Outback.\"",
            "url": "6193"
        },
        {
            "name": "Goldrausch in Alaska",
            "pict": "https://eu1-prod-images.disco-api.com/2020/01/08/show-6018-5238376810934753.jpg",
            "plot": "ONLINE! Die Schatzsucher sind zur\u00fcck: mit tonnenschweren Maschinen und schwei\u00dftreibenden Abenteuern. [CR]Todd Hoffman und seine Gef\u00e4hrten versuchen ihr Gl\u00fcck dieses Mal in Colorado. Dort wollen die M\u00e4nner einen Neuanfang starten und 5000 Unzen Edelmetall ans Tageslicht bef\u00f6rdern. [CR]Tony Beets gibt sich beim Goldsch\u00fcrfen ebenfalls nicht mit Kinkerlitzchen ab. Schlie\u00dflich hat sein riesiger Schwimmbagger eine Million Dollar gekostet. Diese Investition soll sich m\u00f6glichst bald auszahlen.[CR]Und Parker Schnabel k\u00e4mpft in den neuen Folgen an zwei Fronten. Der junge Minen-Boss will die Konkurrenz mit einer Rekordausbeute \u00fcbertrumpfen, um sich damit von alten Fesseln zu befreien.[CR]Ehrgeizige Ziele und kr\u00e4ftezehrende Herausforderungen: Um ihre Pl\u00e4ne in die Tat umzusetzen, schuften die Abenteurer in der Wildnis h\u00e4rter als jemals zuvor.",
            "url": "6018"
        },
        {
            "name": "Max' Carshop - Schrauben frei Schnauze",
            "pict": "None",
            "plot": "...",
            "url": "67321"
        }
    ]
}