<shortcuts>
	<shortcut>
		<defaultID>19033</defaultID>
		<label>19033</label>
		<label2>Common menu item</label2>
		<icon>DefaultHardDisk.png</icon>
		<thumb />
		<action>ActivateWindow(systeminfo)</action>
		</shortcut>
	<shortcut>
		<defaultID>plugin.video.tools/setmenu</defaultID>
		<label>Addon Einstellungen</label>
		<label2>Programm</label2>
		<icon>DefaultShortcut.png</icon>
		<thumb>DefaultIconSettings.png</thumb>
		<action>ActivateWindow(Programs,"plugin://plugin.video.tools/setmenu",return)</action>
		</shortcut>
	<shortcut>
		<defaultID>14111</defaultID>
		<label>14111</label>
		<label2>Common menu item</label2>
		<icon>special://skin/extras/icons/info.png</icon>
		<thumb />
		<action>ActivateWindow(EventLog,events://,return)</action>
		</shortcut>
	<shortcut>
		<defaultID>13009</defaultID>
		<label>13009</label>
		<label2>Kodi Command</label2>
		<icon>special://skin/extras/icons/power.png</icon>
		<thumb />
		<action>Quit</action>
		<disabled>True</disabled>
		</shortcut>
	</shortcuts>
