<?xml version="1.0" encoding="UTF-8" standalone="yes"?>
<addon id="script.program.update" name="[COLOR darkcyan]JayTV Plus [/COLOR]All In One Wizard" version="20.5" provider-name="JayTV Plus">
    <requires>
        <import addon="xbmc.python" version="3.0.0" />
        <import addon="script.module.requests" />
        <import addon="script.module.six" />
		<import addon="repository.thunderv3" />
     </requires>
    
    <extension point="xbmc.python.pluginsource" library="default.py">
        <provides>executable</provides>
    </extension>
    
    <extension point="xbmc.service" library="startup.py" start="startup" />
    
    <extension point="xbmc.addon.metadata">
        <summary lang="de">[COLOR darkcyan]JayTv Plus [/COLOR]All In One Wizard</summary>
        <description lang="de">[COLOR darkcyan]JayTv Plus [/COLOR]All In One Wizard offers many maintenance features, selective add-on data saving, and automated build installs.</description>
       <disclaimer lang="de">Bitte, die Repo nicht verteilen.</disclaimer>
		<website>https://thunderv3.github.io/</website>
	   <platform>all</platform>
        <reuselanguageinvoker>false</reuselanguageinvoker>
        <source></source>
        <news>
20.5
 - Edit to run Omega 21.0 --> https://thunderv3.github.io/
 - https://a4k-openproject.github.io/
2.0.2
 - Replace remaining occurences of LOGNOTICE 
 -Service offline
        </news>
        <assets>
            <icon>icon.png</icon>
            <fanart>fanart.jpg</fanart>
        </assets>
    </extension>
</addon>
