{
    "videos": [
        {
            "channel": "VOX",
            "description": "[COLOR yellow]Die Oktoberfest-Macher - Zwischen Tradition und totaler Gaudi[/COLOR][CR]Sendetermin: [COLOR chartreuse]Sa. 30.09.23 \u2022 20:15[/COLOR][CR][CR]Rund 6 Millionen Besucher zieht das Oktoberfest j\u00e4hrlich in seinen Bann. Doch was macht das weltgr\u00f6\u00dfte Volksfest so besonders? Die Doku blickt hinter die Kulissen des Spektakels und begleitet verschiedene Menschen, die sich f\u00fcr den Ablauf und die Stimmung verantwortlich zeigen. Ob Schaustellerfamilien, Wiesnbedienungen oder Rettungssanit\u00e4ter - sie alle gew\u00e4hren pers\u00f6nliche Einblicke in ihren Alltag und erkl\u00e4ren, was die Magie der Wiesn ausmacht.",
            "filter": "6078229",
            "name": "Die Oktoberfest-Macher - Zwischen Tradition und totaler Gaudi[COLOR chartreuse]  (30.09.23 \u2022 20:15)[/COLOR]",
            "payfree": false,
            "photo": "https://aistvnow-a.akamaihd.net/tvnow/movie/6078229/1280x0/image.jpg",
            "secureDRM": true,
            "stored": null,
            "streamHD": "https://vodnowusoawsdash-a.akamaihd.net/p112/manifest/rtlplushd/6078229-1/10000.ism/.mpd",
            "streamSD": "https://vodnowusoawsdash-a.akamaihd.net/p112/manifest/rtlplussd/6078229-1/4000.ism/.mpd"
        }
    ]
}