<shortcuts>
	<shortcut>
		<defaultID>plugin.video.themoviedb.helper</defaultID>
		<label>Movie DB</label>
		<label2>Video-Addon</label2>
		<icon>DefaultShortcut.png</icon>
		<thumb>thumb</thumb>
		<action>ActivateWindow(Videos,"plugin://plugin.video.themoviedb.helper",return)</action>
		</shortcut>
	<shortcut>
		<defaultID>slyguy.disney.plus</defaultID>
		<label>Disney+</label>
		<label2>Video-Addon</label2>
		<icon>DefaultShortcut.png</icon>
		<thumb>thumb</thumb>
		<action>ActivateWindow(Videos,"plugin://slyguy.disney.plus",return)</action>
		</shortcut>
	<shortcut>
		<defaultID>slyguy.paramount.plus</defaultID>
		<label>Paramount+</label>
		<label2>Video-Addon</label2>
		<icon>DefaultShortcut.png</icon>
		<thumb>thumb</thumb>
		<action>ActivateWindow(Videos,"plugin://slyguy.paramount.plus",return)</action>
		</shortcut>
	<shortcut>
		<defaultID>plugin.video.rtlgroup.de</defaultID>
		<label>RTL+</label>
		<label2>Video-Addon</label2>
		<icon>DefaultShortcut.png</icon>
		<thumb>thumb</thumb>
		<action>ActivateWindow(Videos,"plugin://plugin.video.rtlgroup.de",return)</action>
		<disabled>True</disabled>
		</shortcut>
	<shortcut>
		<defaultID>plugin.video.joyn</defaultID>
		<label>Joyn</label>
		<label2>Video-Addon</label2>
		<icon>DefaultShortcut.png</icon>
		<thumb>thumb</thumb>
		<action>ActivateWindow(Videos,"plugin://plugin.video.joyn",return)</action>
		</shortcut>
	<shortcut>
		<defaultID>plugin.video.discovery.dmax</defaultID>
		<label>DMAX </label>
		<label2>Video-Addon</label2>
		<icon>DefaultShortcut.png</icon>
		<thumb>thumb</thumb>
		<action>ActivateWindow(Videos,"plugin://plugin.video.discovery.dmax",return)</action>
		</shortcut>
	<shortcut>
		<defaultID>plugin.video.tvspielfilm_de</defaultID>
		<label>Spielfilm DB</label>
		<label2>Video-Addon</label2>
		<icon>DefaultShortcut.png</icon>
		<thumb>thumb</thumb>
		<action>ActivateWindow(Videos,"plugin://plugin.video.tvspielfilm_de",return)</action>
		</shortcut>
	<shortcut>
		<defaultID>22020</defaultID>
		<label>TV</label>
		<label2>TV</label2>
		<icon>DefaultTVShows.png</icon>
		<thumb />
		<action>ActivateWindow(TVGuide)</action>
		</shortcut>
	</shortcuts>
