<shortcuts>
	<shortcut>
		<label>133</label>
		<label2>32019</label2>
		<icon>DefaultMusicArtists.png</icon>
		<thumb />
		<visible>Library.HasContent(Music)</visible>
		<action>ActivateWindow(Music,Artists,return)</action>
		</shortcut>
	<shortcut>
		<label>132</label>
		<label2>32019</label2>
		<icon>DefaultMusicAlbums.png</icon>
		<thumb />
		<visible>Library.HasContent(Music)</visible>
		<action>ActivateWindow(Music,Albums,return)</action>
		</shortcut>
	<shortcut>
		<label>134</label>
		<label2>32019</label2>
		<icon>DefaultMusicSongs.png</icon>
		<thumb />
		<visible>Library.HasContent(Music)</visible>
		<action>ActivateWindow(Music,Songs,return)</action>
		</shortcut>
	<shortcut>
		<label>744</label>
		<label2>32019</label2>
		<icon>DefaultFolder.png</icon>
		<thumb />
		<action>ActivateWindow(Music,Files,return)</action>
		</shortcut>
	<shortcut>
		<label>14022</label>
		<label2>32019</label2>
		<icon>DefaultFolder.png</icon>
		<thumb />
		<visible>Library.HasContent(Music)</visible>
		<action>ActivateWindow(Music,Root)</action>
		</shortcut>
	<shortcut>
		<label>24001</label>
		<label2>32019</label2>
		<icon>DefaultAddonMusic.png</icon>
		<thumb />
		<action>ActivateWindow(Music,Addons,return)</action>
		</shortcut>
	</shortcuts>
