<shortcuts>
	<shortcut>
		<defaultID />
		<label>Rubriken</label>
		<label2>Video-Addon</label2>
		<icon>DefaultShortcut.png</icon>
		<thumb>image://%2fstorage%2femulated%2f0%2fAndroid%2fdata%2forg.xbmc.kodi%2ffiles%2f.kodi%2faddons%2fplugin.video.rtlgroup.de%2fresources%2fmedia%2ficon.png/</thumb>
		<action>ActivateWindow(Videos,"plugin://plugin.video.rtlgroup.de/?mode=listTopics",return)</action>
		</shortcut>
	<shortcut>
		<defaultID>rtlplus-nw</defaultID>
		<label>RTLPLUS - NW</label>
		<label2>Favorit</label2>
		<icon>DefaultFolder.png</icon>
		<thumb>/storage/emulated/0/Android/data/org.xbmc.kodi/files/.kodi/addons/plugin.video.rtlgroup.de/resources/media/icon.png</thumb>
		<action>RunAddon("plugin.video.rtlgroup.de")</action>
		</shortcut>
	</shortcuts>
