<shortcuts>
	<shortcut>
		<defaultID />
		<label>Filme Providers</label>
		<label2>Video-Addon</label2>
		<icon>DefaultShortcut.png</icon>
		<thumb>thumb</thumb>
		<action>ActivateWindow(Videos,"plugin://plugin.video.themoviedb.helper/?info=watch_providers&amp;tmdb_type=movie&amp;widget=true&amp;reload=$INFO[Window(Home).Property(TMDbHelper.Widgets.Reload)]",return)</action>
		</shortcut>
	<shortcut>
		<defaultID />
		<label>Serien Providers</label>
		<label2>Video-Addon</label2>
		<icon>DefaultShortcut.png</icon>
		<thumb>thumb</thumb>
		<action>ActivateWindow(Videos,"plugin://plugin.video.themoviedb.helper/?info=watch_providers&amp;tmdb_type=tv&amp;widget=true&amp;reload=$INFO[Window(Home).Property(TMDbHelper.Widgets.Reload)]",return)</action>
		</shortcut>
	<shortcut>
		<defaultID />
		<label>Suchen</label>
		<label2>Video-Addon</label2>
		<icon>DefaultShortcut.png</icon>
		<thumb>thumb</thumb>
		<action>ActivateWindow(Videos,"plugin://plugin.video.themoviedb.helper/?info=dir_multisearch&amp;tmdb_type=None&amp;widget=true&amp;reload=$INFO[Window(Home).Property(TMDbHelper.Widgets.Reload)]&amp;reload=$INFO[Window(Home).Property(TMDbHelper.Widgets.Reload)]",return)</action>
		</shortcut>
	<shortcut>
		<defaultID>plugin.video.xstream</defaultID>
		<label>Streamportale</label>
		<label2>Video-Addon</label2>
		<icon>DefaultShortcut.png</icon>
		<thumb>thumb</thumb>
		<action>ActivateWindow(Videos,"plugin://plugin.video.xstream",return)</action>
		</shortcut>
	<shortcut>
		<defaultID>script.ezmaintenanceplus</defaultID>
		<label>EZ Maintenance+</label>
		<label2>Programm</label2>
		<icon>DefaultShortcut.png</icon>
		<thumb>thumb</thumb>
		<action>ActivateWindow(Programs,"plugin://script.ezmaintenanceplus",return)</action>
		</shortcut>
	</shortcuts>
