<shortcuts>
	<shortcut>
		<defaultID />
		<label>[B][COLOR chartreuse]★ Meine DMAX Favoriten ★[/COLOR][/B]</label>
		<label2>Video-Addon</label2>
		<icon>DefaultShortcut.png</icon>
		<thumb>image://%2fstorage%2femulated%2f0%2fAndroid%2fdata%2forg.xbmc.kodi%2ffiles%2f.kodi%2faddons%2fplugin.video.discovery.dmax%2fresources%2fmedia%2ffavourites.png/</thumb>
		<action>ActivateWindow(Videos,"plugin://plugin.video.discovery.dmax/?mode=listFavorites",return)</action>
		</shortcut>
	<shortcut>
		<defaultID />
		<label>[COLOR deepskyblue]•[/COLOR] Neue Sendungen (Serien)</label>
		<label2>Video-Addon</label2>
		<icon>DefaultShortcut.png</icon>
		<thumb>image://%2fstorage%2femulated%2f0%2fAndroid%2fdata%2forg.xbmc.kodi%2ffiles%2f.kodi%2faddons%2fplugin.video.discovery.dmax%2fresources%2fmedia%2ficon.png/</thumb>
		<action>ActivateWindow(Videos,"plugin://plugin.video.discovery.dmax/?mode=listSeries&amp;url=https%3A%2F%2Feu1-prod.disco-api.com%2Fcontent%2Fshows%3Finclude%3Dimages%2Cgenres%26sort%3D-newestEpisodePublishStart%26filter%5BhasNewEpisodes%5D%3Dtrue&amp;extras=newest_Series",return)</action>
		</shortcut>
	<shortcut>
		<defaultID />
		<label>[COLOR deepskyblue]•[/COLOR] Neue Sendungen (Episoden)</label>
		<label2>Video-Addon</label2>
		<icon>DefaultShortcut.png</icon>
		<thumb>image://%2fstorage%2femulated%2f0%2fAndroid%2fdata%2forg.xbmc.kodi%2ffiles%2f.kodi%2faddons%2fplugin.video.discovery.dmax%2fresources%2fmedia%2ficon.png/</thumb>
		<action>ActivateWindow(Videos,"plugin://plugin.video.discovery.dmax/?mode=listEpisodes&amp;url=https%3A%2F%2Feu1-prod.disco-api.com%2Fcontent%2Fvideos%3Finclude%3Dshow%2Cimages%2Cgenres%26sort%3D-earliestPlayableStart%26filter%5BprimaryChannel.id%5D%3D94&amp;extras=newest_Episodes",return)</action>
		</shortcut>
	<shortcut>
		<defaultID />
		<label>Alle Sendungen</label>
		<label2>Video-Addon</label2>
		<icon>DefaultShortcut.png</icon>
		<thumb>image://%2fstorage%2femulated%2f0%2fAndroid%2fdata%2forg.xbmc.kodi%2ffiles%2f.kodi%2faddons%2fplugin.video.discovery.dmax%2fresources%2fmedia%2ficon.png/</thumb>
		<action>ActivateWindow(Videos,"plugin://plugin.video.discovery.dmax/?mode=listSeries&amp;url=https%3A%2F%2Feu1-prod.disco-api.com%2Fcontent%2Fshows%3Finclude%3Dimages%2Cgenres%26sort%3Dname&amp;extras=listing_Series",return)</action>
		</shortcut>
	</shortcuts>
