<shortcuts>
	<shortcut>
		<defaultID>plugin.video.joyn</defaultID>
		<label>Joyn</label>
		<label2>Video-Addon</label2>
		<icon>DefaultShortcut.png</icon>
		<thumb>thumb</thumb>
		<action>ActivateWindow(Videos,"plugin://plugin.video.joyn",return)</action>
		</shortcut>
	<shortcut>
		<defaultID />
		<label>Live TV</label>
		<label2>Video-Addon</label2>
		<icon>DefaultShortcut.png</icon>
		<thumb>image://%2fstorage%2femulated%2f0%2fAndroid%2fdata%2forg.xbmc.kodi%2ffiles%2f.kodi%2faddons%2fplugin.video.joyn%2fresources%2fmedia%2flogo.gif/</thumb>
		<action>ActivateWindow(Videos,"plugin://plugin.video.joyn/?mode=category&amp;parent_block_id=&amp;block_id=410%3Ad50d6f558ab31ad3169c8afa1930f7b3&amp;channel_id=&amp;movie_id=&amp;tv_show_id=&amp;season_id=&amp;teaser_id=&amp;video_id=&amp;stream_type=VOD&amp;fav_type=&amp;title=Live+TV&amp;client_data=&amp;compilation_id=&amp;viewtype=LIVE_TV&amp;path=",return)</action>
		</shortcut>
	</shortcuts>
