<shortcuts>
	<shortcut>
		<defaultID>plugin.video.joyn</defaultID>
		<label>Joyn</label>
		<label2>Video-Addon</label2>
		<icon>DefaultShortcut.png</icon>
		<thumb>thumb</thumb>
		<action>ActivateWindow(Videos,"plugin://plugin.video.joyn",return)</action>
		</shortcut>
	<shortcut>
		<defaultID>plugin.video.tyl0re.arte</defaultID>
		<label>ARTE.TV</label>
		<label2>Video-Addon</label2>
		<icon>DefaultShortcut.png</icon>
		<thumb>thumb</thumb>
		<action>ActivateWindow(Videos,"plugin://plugin.video.tyl0re.arte",return)</action>
		</shortcut>
	</shortcuts>
