<shortcuts>
	<shortcut>
		<defaultID />
		<label>Live TV</label>
		<label2>Video-Addon</label2>
		<icon>DefaultShortcut.png</icon>
		<thumb>image://%2fstorage%2femulated%2f0%2fAndroid%2fdata%2forg.xbmc.kodi%2ffiles%2f.kodi%2faddons%2fplugin.video.joyn%2fresources%2fmedia%2flogo.gif/</thumb>
		<action>ActivateWindow(Videos,"plugin://plugin.video.joyn/?mode=channels&amp;parent_block_id=&amp;block_id=&amp;channel_id=&amp;movie_id=&amp;tv_show_id=&amp;season_id=&amp;teaser_id=&amp;video_id=&amp;stream_type=LIVE&amp;fav_type=&amp;title=Live+TV&amp;client_data=&amp;compilation_id=&amp;viewtype=&amp;path=",return)</action>
		</shortcut>
	<shortcut>
		<defaultID />
		<label>Mediatheken</label>
		<label2>Video-Addon</label2>
		<icon>DefaultShortcut.png</icon>
		<thumb>image://%2fstorage%2femulated%2f0%2fAndroid%2fdata%2forg.xbmc.kodi%2ffiles%2f.kodi%2faddons%2fplugin.video.joyn%2fresources%2fmedia%2flogo.gif/</thumb>
		<action>ActivateWindow(Videos,"plugin://plugin.video.joyn/?mode=channels&amp;parent_block_id=&amp;block_id=&amp;channel_id=&amp;movie_id=&amp;tv_show_id=&amp;season_id=&amp;teaser_id=&amp;video_id=&amp;stream_type=VOD&amp;fav_type=&amp;title=Mediatheken&amp;client_data=&amp;compilation_id=&amp;viewtype=&amp;path=",return)</action>
		</shortcut>
	</shortcuts>
