<shortcuts>
	<shortcut>
		<defaultID>7</defaultID>
		<label>7</label>
		<label2>Gemeinsamer Menüeintrag</label2>
		<icon>DefaultFolder.png</icon>
		<thumb />
		<action>ActivateWindow(FileManager)</action>
		</shortcut>
	<shortcut>
		<defaultID>slyguyrepository</defaultID>
		<label>SlyGuy Repository</label>
		<label2>Favorit</label2>
		<icon>DefaultFolder.png</icon>
		<thumb>/data/user/0/org.xbmc.kodi/cache/apk/assets/addons/repository.slyguy/icon.png</thumb>
		<action>ActivateWindow(10040,"addons://repository.slyguy/",return)</action>
		</shortcut>
	<shortcut>
		<defaultID>collabsvitothatsmyaiorepo</defaultID>
		<label>Collabsvito that's my AiO REPO</label>
		<label2>Favorit</label2>
		<icon>DefaultFolder.png</icon>
		<thumb>/data/user/0/org.xbmc.kodi/cache/apk/assets/addons/repository.collabsvito/icon.png</thumb>
		<action>ActivateWindow(10040,"addons://repository.collabsvito/",return)</action>
		</shortcut>
	<shortcut>
		<defaultID>kodiadd-onrepository</defaultID>
		<label>Kodi Add-on repository</label>
		<label2>Favorit</label2>
		<icon>DefaultFolder.png</icon>
		<thumb>/data/user/0/org.xbmc.kodi/cache/apk/assets/addons/repository.xbmc.org/icon.png</thumb>
		<action>ActivateWindow(10040,"addons://repository.xbmc.org/",return)</action>
		</shortcut>
	<shortcut>
		<defaultID>kodinerdsaddonrepo</defaultID>
		<label>Kodinerds Addon Repo</label>
		<label2>Favorit</label2>
		<icon>DefaultFolder.png</icon>
		<thumb>/data/user/0/org.xbmc.kodi/cache/apk/assets/addons/repository.kodinerds/icon.png</thumb>
		<action>ActivateWindow(10040,"addons://repository.kodinerds/",return)</action>
		</shortcut>
	<shortcut>
		<defaultID>michazrepository</defaultID>
		<label>Michaz Repository</label>
		<label2>Favorit</label2>
		<icon>DefaultFolder.png</icon>
		<thumb>/data/user/0/org.xbmc.kodi/cache/apk/assets/addons/repository.michaz/icon.png</thumb>
		<action>ActivateWindow(10040,"addons://repository.michaz/",return)</action>
		</shortcut>
	<shortcut>
		<defaultID>peno64repository</defaultID>
		<label>peno64 repository</label>
		<label2>Favorit</label2>
		<icon>DefaultFolder.png</icon>
		<thumb>/data/user/0/org.xbmc.kodi/cache/apk/assets/addons/repository.peno64/icon.png</thumb>
		<action>ActivateWindow(10040,"addons://repository.peno64/",return)</action>
		</shortcut>
	<shortcut>
		<defaultID>resolveurlrepository</defaultID>
		<label>ResolveURL Repository</label>
		<label2>Favorit</label2>
		<icon>DefaultFolder.png</icon>
		<thumb>/data/user/0/org.xbmc.kodi/cache/apk/assets/addons/repository.resolveurl/icon.png</thumb>
		<action>ActivateWindow(10040,"addons://repository.resolveurl/",return)</action>
		</shortcut>
	<shortcut>
		<defaultID>xstreamrepository</defaultID>
		<label>xStream Repository</label>
		<label2>Favorit</label2>
		<icon>DefaultFolder.png</icon>
		<thumb>/data/user/0/org.xbmc.kodi/cache/apk/assets/addons/repository.xstream/icon.png</thumb>
		<action>ActivateWindow(10040,"addons://repository.xstream/",return)</action>
		</shortcut>
	</shortcuts>
