<shortcuts>
	<shortcut>
		<defaultID>7</defaultID>
		<label>7</label>
		<label2>Gemeinsamer Menüeintrag</label2>
		<icon>DefaultFolder.png</icon>
		<thumb />
		<action>ActivateWindow(FileManager)</action>
		</shortcut>
	<shortcut>
		<defaultID />
		<label>Einstellungen</label>
		<label2>Video-Addon</label2>
		<icon>DefaultShortcut.png</icon>
		<thumb>image://%2fstorage%2femulated%2f0%2fAndroid%2fdata%2forg.xbmc.kodi%2ffiles%2f.kodi%2faddons%2fslyguy.disney.plus%2ficon.png/</thumb>
		<action>ActivateWindow(Videos,"plugin://slyguy.disney.plus/?_=_settings",return)</action>
		</shortcut>
	</shortcuts>
