<shortcuts>
	<shortcut>
		<defaultID>22020</defaultID>
		<label>22020</label>
		<label2>TV</label2>
		<icon>DefaultTVShows.png</icon>
		<thumb />
		<action>ActivateWindow(TVGuide)</action>
		</shortcut>
	<shortcut>
		<defaultID>19019</defaultID>
		<label>19019</label>
		<label2>TV</label2>
		<icon>DefaultTVShows.png</icon>
		<thumb />
		<action>ActivateWindow(TVChannels)</action>
		</shortcut>
	<shortcut>
		<defaultID>19020</defaultID>
		<label>TV-Settings</label>
		<label2>Einstellungen</label2>
		<icon>PVRSettings.png</icon>
		<thumb />
		<action>ActivateWindow(PVRSettings)</action>
		</shortcut>
	<shortcut>
		<defaultID />
		<label>wagas</label>
		<label2>Programm</label2>
		<icon>DefaultShortcut.png</icon>
		<thumb>image://%2fstorage%2femulated%2f0%2fAndroid%2fdata%2forg.xbmc.kodi%2ffiles%2f.kodi%2faddons%2fplugin.program.iptv.merge%2ficon.png/</thumb>
		<action>ActivateWindow(Programs,"plugin://plugin.program.iptv.merge/?_=playlist_channels&amp;playlist_id=1&amp;radio=0",return)</action>
		</shortcut>
	</shortcuts>
