{
    "videos": [
        {
            "direct": "https://www.joyn.de/serien/the-voice-kids/12-7-battles-2-zwischen-glueckgefuehlen-und-traenen",
            "filter": "https://www.tvspielfilm.de/mediathek/the-voice-kids,661559c974508655b068cf5a.html",
            "name": "03.05.  The Voice Kids - D 2024 | Castingshow  (SAT.1)",
            "station": "SAT.1",
            "tvshow": "The Voice Kids"
        },
        {
            "direct": "https://www.joyn.de/serien/das-grosse-allgemeinwissensquiz-dp02jafty5r9/1-4-irrelevant-oder-irre-relevant-das-muss-jede-r-wissen",
            "filter": "https://www.tvspielfilm.de/mediathek/das-grosse-allgemeinwissensquiz,661515fe74508655b0679dbc.html",
            "name": "02.05.  Das gro\u00dfe Allgemeinwissensquiz - D 2024 | Quizshow  (SAT.1)",
            "station": "SAT.1",
            "tvshow": "Das gro\u00dfe Allgemeinwissensquiz"
        },
        {
            "direct": "https://www.joyn.de/serien/fbi-most-wanted-dpuu40czo38l/3-5-spaete-vergeltung",
            "filter": "https://www.tvspielfilm.de/mediathek/fbi-most-wanted,6613b66074508655b064c6a9.html",
            "name": "30.04.  FBI: Most Wanted - USA 2021 | Krimiserie  (SAT.1)",
            "station": "SAT.1",
            "tvshow": "FBI: Most Wanted"
        },
        {
            "direct": "https://www.joyn.de/serien/fbi-special-crime-unit/4-5-doppelleben",
            "filter": "https://www.tvspielfilm.de/mediathek/fbi-special-crime-unit,6613a84474508655b064ac05.html",
            "name": "30.04.  FBI: Special Crime Unit - USA 2021 | Krimiserie  (SAT.1)",
            "station": "SAT.1",
            "tvshow": "FBI: Special Crime Unit"
        },
        {
            "direct": "https://www.joyn.de/serien/ueber-geld-spricht-man-doch/3-2-lottomillionaer-kuersat-chico-yildirim",
            "filter": "https://www.tvspielfilm.de/mediathek/ueber-geld-spricht-man-doch,660fdf2a74508655b060ebd4.html",
            "name": "29.04.  \u00dcber Geld spricht man doch! - D 2024 | Sozialreportage  (SAT.1)",
            "station": "SAT.1",
            "tvshow": "\u00dcber Geld spricht man doch!"
        },
        {
            "direct": "https://www.joyn.de/serien/the-voice-kids/12-6-battles-1-alles-geben-oder-alles-verlieren",
            "filter": "https://www.tvspielfilm.de/mediathek/the-voice-kids,660be364568ecc5c3a59dc86.html",
            "name": "26.04.  The Voice Kids - D 2024 | Castingshow  (SAT.1)",
            "station": "SAT.1",
            "tvshow": "The Voice Kids"
        },
        {
            "direct": "https://www.joyn.de/serien/das-grosse-allgemeinwissensquiz-dp02jafty5r9/1-3-allgemeinwissen-von-yes-we-can-bis-hin-zur-stadt-der-liebe",
            "filter": "https://www.tvspielfilm.de/mediathek/das-grosse-allgemeinwissensquiz,6605520fede2e30dbfda15f7.html",
            "name": "25.04.  Das gro\u00dfe Allgemeinwissensquiz - D 2024 | Quizshow  (SAT.1)",
            "station": "SAT.1",
            "tvshow": "Das gro\u00dfe Allgemeinwissensquiz"
        },
        {
            "direct": "https://www.joyn.de/serien/gestrandet-in-den-flitterwochen/1-2-erste-kuesse-und-erste-enttaeuschungen-liegen-nahe-beieinander",
            "filter": "https://www.tvspielfilm.de/mediathek/gestrandet-in-den-flitterwochen,66043bdaede2e30dbfd780e1.html",
            "name": "24.04.  Gestrandet... in den Flitterwochen - D 2024 | Kuppelshow  (SAT.1)",
            "station": "SAT.1",
            "tvshow": "Gestrandet... in den Flitterwochen"
        },
        {
            "direct": "https://www.joyn.de/serien/das-kuestenrevier/1-73-das-verlorene-maedchen",
            "filter": "https://www.tvspielfilm.de/mediathek/das-kuestenrevier,66043bafede2e30dbfd77c2d.html",
            "name": "24.04.  Das K\u00fcstenrevier - D 2024 | Krimiserie  (SAT.1)",
            "station": "SAT.1",
            "tvshow": "Das K\u00fcstenrevier"
        },
        {
            "direct": "https://www.joyn.de/serien/fbi-special-crime-unit/4-4-erkenne-dich-selbst",
            "filter": "https://www.tvspielfilm.de/mediathek/fbi-special-crime-unit,6603fe97ede2e30dbfd68b83.html",
            "name": "23.04.  FBI: Special Crime Unit - USA 2021 | Krimiserie  (SAT.1)",
            "station": "SAT.1",
            "tvshow": "FBI: Special Crime Unit"
        },
        {
            "direct": "https://www.joyn.de/serien/ueber-geld-spricht-man-doch/3-1-cora-schumacher-und-eike-immel",
            "filter": "https://www.tvspielfilm.de/mediathek/ueber-geld-spricht-man-doch,6603c848ede2e30dbfd52d6d.html",
            "name": "22.04.  \u00dcber Geld spricht man doch! - D 2024 | Sozialreportage  (SAT.1)",
            "station": "SAT.1",
            "tvshow": "\u00dcber Geld spricht man doch!"
        },
        {
            "direct": "https://www.joyn.de/serien/das-kuestenrevier/1-71-kaltbluetig",
            "filter": "https://www.tvspielfilm.de/mediathek/das-kuestenrevier,66031660ede2e30dbfd463c4.html",
            "name": "22.04.  Das K\u00fcstenrevier - D 2024 | Krimiserie  (SAT.1)",
            "station": "SAT.1",
            "tvshow": "Das K\u00fcstenrevier"
        },
        {
            "direct": "https://www.joyn.de/serien/notruf/1-5-ein-schuss-ein-schrei",
            "filter": "https://www.tvspielfilm.de/mediathek/notruf,66031634ede2e30dbfd45c46.html",
            "name": "22.04.  NOTRUF - D 2024 | Rettungssoap  (SAT.1)",
            "station": "SAT.1",
            "tvshow": "NOTRUF"
        },
        {
            "direct": "https://www.joyn.de/serien/the-voice-kids/12-5-blind-auditions-5-die-letzte-chance-jetzt-zaehlt-jedes-detail",
            "filter": "https://www.tvspielfilm.de/mediathek/the-voice-kids,66015da3ede2e30dbfcf9557.html",
            "name": "19.04.  The Voice Kids - D 2024 | Castingshow  (SAT.1)",
            "station": "SAT.1",
            "tvshow": "The Voice Kids"
        },
        {
            "direct": "https://www.joyn.de/serien/das-grosse-allgemeinwissensquiz-dp02jafty5r9/1-2-knusper-knusper-knaeuschen-oder-hannibals-kriegstiere",
            "filter": "https://www.tvspielfilm.de/mediathek/das-grosse-allgemeinwissensquiz,65fd7de87fc594719708d3c8.html",
            "name": "18.04.  Das gro\u00dfe Allgemeinwissensquiz - D 2024 | Quizshow  (SAT.1)",
            "station": "SAT.1",
            "tvshow": "Das gro\u00dfe Allgemeinwissensquiz"
        },
        {
            "direct": "https://www.joyn.de/serien/fbi-most-wanted-dpuu40czo38l/3-3-grausame-liebe",
            "filter": "https://www.tvspielfilm.de/mediathek/fbi-most-wanted,65fc09697fc5947197043e6a.html",
            "name": "16.04.  FBI: Most Wanted - USA 2021 | Krimiserie  (SAT.1)",
            "station": "SAT.1",
            "tvshow": "FBI: Most Wanted"
        },
        {
            "direct": "https://www.joyn.de/serien/the-voice-kids/12-4-blind-auditions-4-stimmliche-sternstunden",
            "filter": "https://www.tvspielfilm.de/mediathek/the-voice-kids,65f86d487fc5947197fe2064.html",
            "name": "12.04.  The Voice Kids - D 2024 | Castingshow  (SAT.1)",
            "station": "SAT.1",
            "tvshow": "The Voice Kids"
        },
        {
            "direct": "https://www.joyn.de/serien/das-grosse-allgemeinwissensquiz-dp02jafty5r9/1-1-gutes-allgemeinwissen-natuerlich-oder-doch-nicht",
            "filter": "https://www.tvspielfilm.de/mediathek/das-grosse-allgemeinwissensquiz,65f837137fc5947197fd353a.html",
            "name": "11.04.  Das gro\u00dfe Allgemeinwissensquiz - D 2024 | Quizshow  (SAT.1)",
            "station": "SAT.1",
            "tvshow": "Das gro\u00dfe Allgemeinwissensquiz"
        },
        {
            "direct": "https://www.joyn.de/serien/unsere-lieblinge/1-3-unsere-lieblinge-deutschlands-groesste-musik-stars",
            "filter": "https://www.tvspielfilm.de/mediathek/unsere-lieblinge-deutschlands-groesste-musik-stars,65f2ea1d7fc5947197f478ac.html",
            "name": "08.04.  Unsere Lieblinge \u2013 Deutschlands gr\u00f6\u00dfte Musik-Stars - D 2024 | Show  (SAT.1)",
            "station": "SAT.1",
            "tvshow": "Unsere Lieblinge \u2013 Deutschlands gr\u00f6\u00dfte Musik-Stars"
        },
        {
            "direct": "https://www.joyn.de/serien/die-sat1-kult-show-wochen/1-8-dating-game-wer-sichert-sich-das-date-hinter-der-unverzichtbaren-wand",
            "filter": "https://www.tvspielfilm.de/mediathek/dating-game-die-sat1-kult-show-wochen,65f192037fc5947197f08155.html",
            "name": "07.04.  Dating Game \u2013 Die SAT.1 Kult-Show-Wochen - 2023 | Singleshow  (SAT.1)",
            "station": "SAT.1",
            "tvshow": "Dating Game \u2013 Die SAT.1 Kult-Show-Wochen"
        }
    ]
}