{
    "videos": [
        {
            "direct": "https://www.ardmediathek.de/video/Y3JpZDovL2JyLmRlL2Jyb2FkY2FzdFNjaGVkdWxlU2xvdC80MDM5OTY1OTY4MTNfRjIwMjNXTzAwNjQ5N0Ew/",
            "filter": "https://www.tvspielfilm.de/mediathek/bezzel-und-schwarz-die-grenzgaenger,664761951c34ec6bbb226581.html",
            "name": "10.06.  Bezzel & Schwarz \u2013 Die Grenzg\u00e4nger - D 2024 | Reisedoku  (BR)",
            "station": "BR",
            "tvshow": "Bezzel & Schwarz \u2013 Die Grenzg\u00e4nger"
        },
        {
            "direct": "https://www.zdf.de/dokumentation/zdfinfo-doku/schuld-und-suehne-mit-paulina-krasa-der-moerderische-patriarch-100.html",
            "filter": "https://www.tvspielfilm.de/mediathek/schuld-und-suehne-mit-paulina-krasa,66448c031c34ec6bbb1cff2c.html",
            "name": "07.06.  Schuld & S\u00fchne mit Paulina Krasa - D 2023 | Reportagereihe  (ZDFinfo)",
            "station": "ZDFinfo",
            "tvshow": "Schuld & S\u00fchne mit Paulina Krasa"
        },
        {
            "direct": "https://www.zdf.de/dokumentation/terra-x-history/neue-deutsche-welle--der-sound-der-80er-100.html",
            "filter": "https://www.tvspielfilm.de/mediathek/neue-deutsche-welle-der-sound-der-80er,66430c75fa4ce30339fd9e75.html",
            "name": "05.06.  Neue Deutsche Welle \u2013 der Sound der 80er - D 2023 | Pop-Doku  (ZDFinfo)",
            "station": "ZDFinfo",
            "tvshow": "Neue Deutsche Welle \u2013 der Sound der 80er"
        },
        {
            "direct": "https://www.zdf.de/serien/neben-der-spur/neben-der-spur-sag-es-tut-dir-leid-100.html",
            "filter": "https://www.tvspielfilm.de/mediathek/deutschlands-doppelsieg-die-fussball-wm-1974,6641d8fefa4ce30339fc4e05.html",
            "name": "04.06.  Deutschlands Doppelsieg \u2013 Die Fu\u00dfball-WM 1974 - D 2024 | Dokumentation  (ZDF)",
            "station": "ZDF",
            "tvshow": "Deutschlands Doppelsieg \u2013 Die Fu\u00dfball-WM 1974"
        },
        {
            "direct": "https://www.ardmediathek.de/video/Y3JpZDovL2JyLmRlL2Jyb2FkY2FzdFNjaGVkdWxlU2xvdC80MDM5OTY1OTA4MTNfRjIwMjNXTzAwNjUwMEEw/",
            "filter": "https://www.tvspielfilm.de/mediathek/bezzel-und-schwarz-die-grenzgaenger,663e2812fa4ce30339f9d8cc.html",
            "name": "03.06.  Bezzel & Schwarz \u2013 Die Grenzg\u00e4nger - D 2024 | Reisedoku  (BR)",
            "station": "BR",
            "tvshow": "Bezzel & Schwarz \u2013 Die Grenzg\u00e4nger"
        },
        {
            "direct": "https://www.zdf.de/serien/the-tourist/der-gang-der-dinge-102.html",
            "filter": "https://www.tvspielfilm.de/mediathek/maithink-x-die-show,663e287efa4ce30339f9e450.html",
            "name": "03.06.  MAITHINK X \u2013 Die Show - D | Wissensshow  (ZDFneo)",
            "station": "ZDFneo",
            "tvshow": "MAITHINK X \u2013 Die Show"
        },
        {
            "direct": "https://www.ardmediathek.de/video/Y3JpZDovL25kci5kZS9wcm9wbGFuXzE5NjM1OTU1MV9nYW56ZVNlbmR1bmc/",
            "filter": "https://www.tvspielfilm.de/mediathek/polizeistreife-nord,663e2669fa4ce30339f9d260.html",
            "name": "03.06.  Polizeistreife Nord - D | Reportagereihe  (NDR)",
            "station": "NDR",
            "tvshow": "Polizeistreife Nord"
        },
        {
            "direct": "https://www.3sat.de/kultur/kulturdoku/angstlust-true-crime-100.html",
            "filter": "https://www.tvspielfilm.de/mediathek/angstlust-faszination-true-crime,663bb7ee7908b94b90e49b38.html",
            "name": "01.06.  Angstlust \u2013 Faszination True Crime - D 2023 | Dokumentation  (3sat)",
            "station": "3sat",
            "tvshow": "Angstlust \u2013 Faszination True Crime"
        },
        {
            "direct": "https://www.ardmediathek.de/video/Y3JpZDovL3dkci5kZS9CZWl0cmFnLXNvcGhvcmEtNmVkZDA1MzMtYjhiNy00OTY0LThjZWItMzhiNzA2YWVmNzRh/",
            "filter": "https://www.tvspielfilm.de/mediathek/meine-heimat-mein-verein-bielefeld-und-die-arminia,663b76053af5610d88dbc89b.html",
            "name": "31.05.  Meine Heimat. Mein Verein. Bielefeld und die Arminia - D 2024 | Dokumentation  (WDR)",
            "station": "WDR",
            "tvshow": "Meine Heimat. Mein Verein. Bielefeld und die Arminia"
        },
        {
            "direct": "https://www.ardmediathek.de/video/Y3JpZDovL3dkci5kZS9CZWl0cmFnLXNvcGhvcmEtM2IwZjUzZWMtMmU1NC00ZTcyLTkxYjEtNzE0NmFlYjFlZWE1/",
            "filter": "https://www.tvspielfilm.de/mediathek/unser-sommermaerchen-die-wm-2006,663b75653af5610d88dbc1cb.html",
            "name": "31.05.  Unser Sommerm\u00e4rchen \u2013 Die WM 2006 - D 2024 | Dokumentation  (WDR)",
            "station": "WDR",
            "tvshow": "Unser Sommerm\u00e4rchen \u2013 Die WM 2006"
        },
        {
            "direct": "https://www.joyn.de/serien/germanys-next-topmodel/19-16-das-grosse-cover-shooting",
            "filter": "https://www.tvspielfilm.de/mediathek/germanys-next-topmodel-by-heidi-klum,663a383c3af5610d88d9e33f.html",
            "name": "30.05.  Germany's Next Topmodel \u2013 by Heidi Klum - Germanys Next Topmodel \u2013 by Heidi Klum - D 2024 | Castingshow  (ProSieben)",
            "station": "ProSieben",
            "tvshow": "Germany's Next Topmodel \u2013 by Heidi Klum"
        },
        {
            "direct": "https://www.joyn.de/serien/hast-du-toene/1-1-episode-1",
            "filter": "https://www.tvspielfilm.de/mediathek/hast-du-toene,663a38463af5610d88d9e3cc.html",
            "name": "30.05.  Hast du T\u00f6ne? - 2024 | Rateshow  (SAT.1)",
            "station": "SAT.1",
            "tvshow": "Hast du T\u00f6ne?"
        },
        {
            "direct": "https://www.ardmediathek.de/video/Y3JpZDovL21kci5kZS9zZW5kdW5nLzI4MjA0MC80NTAxMjUtNDMwNzYy/",
            "filter": "https://www.tvspielfilm.de/mediathek/joerg-schuettauf-meister-der-vielen-gesichter,663b09333af5610d88da677d.html",
            "name": "30.05.  J\u00f6rg Sch\u00fcttauf \u2013 Meister der vielen Gesichter - D 2022  (MDR)",
            "station": "MDR",
            "tvshow": "J\u00f6rg Sch\u00fcttauf \u2013 Meister der vielen Gesichter"
        },
        {
            "direct": "https://www.ardmediathek.de/video/Y3JpZDovL2JyLmRlL3ZpZGVvLzlhMmI5MDA5LWJmNzEtNDM4Yy1iNzEzLTcwN2M2ZjNlYjMyNw/",
            "filter": "https://www.tvspielfilm.de/mediathek/so-schmeckten-die-70er,663af9473af5610d88da5bba.html",
            "name": "30.05.  So schmeckten die 70er - D 2022 | Dokumentation  (BR)",
            "station": "BR",
            "tvshow": "So schmeckten die 70er"
        },
        {
            "direct": "https://www.ardmediathek.de/video/Y3JpZDovL3dkci5kZS9CZWl0cmFnLXNvcGhvcmEtZjk5ODczZmEtYTIwZS00MTNiLTkxY2YtNzAzOWQ5YTAzZjAw/",
            "filter": "https://www.tvspielfilm.de/mediathek/ausgerechnet-bratwurst,6639d2003af5610d88d81a5a.html",
            "name": "29.05.  Ausgerechnet \u2013 Bratwurst - D 2024 | Reportagereihe  (WDR)",
            "station": "WDR",
            "tvshow": "Ausgerechnet \u2013 Bratwurst"
        },
        {
            "direct": "https://www.ardmediathek.de/video/Y3JpZDovL3dkci5kZS9CZWl0cmFnLXNvcGhvcmEtYTQ2OGQ5MGEtMmEzMi00MzdhLWIzMWQtYjc4YzU2ZTRiYTVm/",
            "filter": "https://www.tvspielfilm.de/mediathek/civis-medienpreis-2024-tv-gala-fuer-integration,6639fd1a3af5610d88d91c29.html",
            "name": "29.05.  CIVIS Medienpreis 2024 \u2013 TV-Gala f\u00fcr Integration - D 2024 | Preisverleihung  (Das Erste)",
            "station": "Das Erste",
            "tvshow": "CIVIS Medienpreis 2024 \u2013 TV-Gala f\u00fcr Integration"
        },
        {
            "direct": "https://www.joyn.de/serien/die-geheimnisse-unserer-lieblingsgerichte/1-1-pizza-pasta-co",
            "filter": "https://www.tvspielfilm.de/mediathek/die-geheimnisse-unserer-lieblingsgerichte,6639c7c53af5610d88d7cf2d.html",
            "name": "29.05.  Die Geheimnisse unserer Lieblingsgerichte - D 2024 | Kulinarikdoku  (SAT.1)",
            "station": "SAT.1",
            "tvshow": "Die Geheimnisse unserer Lieblingsgerichte"
        },
        {
            "direct": "https://www.ardmediathek.de/video/Y3JpZDovL3dkci5kZS9CZWl0cmFnLXNvcGhvcmEtOTBiMjBmMDUtMWEwOS00NWNhLWJkZDQtN2Q0NzU2MTAzMTJm/",
            "filter": "https://www.tvspielfilm.de/mediathek/34-deutscher-kamerapreis-2024,6638aeec672d5955c95ad5da.html",
            "name": "28.05.  34. Deutscher Kamerapreis 2024 - D 2024 | Preisverleihung  (WDR)",
            "station": "WDR",
            "tvshow": "34. Deutscher Kamerapreis 2024"
        },
        {
            "direct": "https://www.ardmediathek.de/video/Y3JpZDovL3N3ci5kZS9hZXgvbzIwNTcxNzQ/",
            "filter": "https://www.tvspielfilm.de/mediathek/marktcheck,6638ae9a672d5955c95ace44.html",
            "name": "28.05.  Marktcheck - 2024 | Verbrauchermagazin  (SWR)",
            "station": "SWR",
            "tvshow": "Marktcheck"
        },
        {
            "direct": "https://www.ardmediathek.de/video/Y3JpZDovL3dkci5kZS9CZWl0cmFnLXNvcGhvcmEtZWNlMmZmODktN2FhMi00ZDk2LTk1YzEtN2ZmMDlkZWFkNzQy/",
            "filter": "https://www.tvspielfilm.de/mediathek/der-vorkoster,6634eda7672d5955c9583807.html",
            "name": "27.05.  Der Vorkoster - D 2024 | Ern\u00e4hrungsdoku  (WDR)",
            "station": "WDR",
            "tvshow": "Der Vorkoster"
        },
        {
            "direct": "https://www.ardmediathek.de/video/Y3JpZDovL25kci5kZS9mNTBkYjI3Zi0zZDJhLTQ2NTEtYWNmNi1iYjNjZTMxN2M1ZmU/",
            "filter": "https://www.tvspielfilm.de/mediathek/markt,6634ed90672d5955c958354c.html",
            "name": "27.05.  Markt - D 2024 | Verbrauchermagazin  (NDR)",
            "station": "NDR",
            "tvshow": "Markt"
        },
        {
            "direct": "https://www.ardmediathek.de/video/Y3JpZDovL25kci5kZS81MDA3XzIwMjQtMDUtMjctMjEtMDA/",
            "filter": "https://www.tvspielfilm.de/mediathek/traumhaus-in-4-wochen,6634edb7672d5955c9583a31.html",
            "name": "27.05.  Traumhaus in 4 Wochen - D 2024 | Reportagereihe  (NDR)",
            "station": "NDR",
            "tvshow": "Traumhaus in 4 Wochen"
        },
        {
            "direct": "https://www.ardmediathek.de/video/Y3JpZDovL3dkci5kZS9CZWl0cmFnLXNvcGhvcmEtOTY0OGVlYmUtNjExYy00M2IxLTk3YmEtOTc4MmRmZTRlYWM4/",
            "filter": "https://www.tvspielfilm.de/mediathek/wdr-europaforum-2024,6634e6ed672d5955c9581237.html",
            "name": "27.05.  WDR Europaforum 2024 - D 2024 | Konferenz  (WDR)",
            "station": "WDR",
            "tvshow": "WDR Europaforum 2024"
        },
        {
            "direct": "https://www.ardmediathek.de/video/Y3JpZDovL2JyLmRlL3ZpZGVvLzVhYTZiNWExLTNjN2EtNDM0ZS1hMjljLWFkZjFjYjgyYWY2MA/",
            "filter": "https://www.tvspielfilm.de/mediathek/br-retro-75-jahre-br,6634964a672d5955c956ced3.html",
            "name": "26.05.  BR retro \u2013 75 Jahre BR - D 2024 | Erinnerungsshow  (BR)",
            "station": "BR",
            "tvshow": "BR retro \u2013 75 Jahre BR"
        },
        {
            "direct": "https://www.ardmediathek.de/video/Y3JpZDovL3N3ci5kZS9hZXgvbzIwNTU0MDk/",
            "filter": "https://www.tvspielfilm.de/mediathek/handwerkskunst,66346588672d5955c955a0bf.html",
            "name": "26.05.  Handwerkskunst! - D 2024 | Doku  (SWR)",
            "station": "SWR",
            "tvshow": "Handwerkskunst!"
        },
        {
            "direct": "https://www.arte.tv/de/videos/116732-000-A/pissarro-der-vater-des-impressionismus/",
            "filter": "https://www.tvspielfilm.de/mediathek/pissarro-der-vater-des-impressionismus,6633a826672d5955c9553eab.html",
            "name": "26.05.  Pissarro: Der Vater des Impressionismus - GB 2022 | Dokumentation  (ARTE)",
            "station": "ARTE",
            "tvshow": "Pissarro: Der Vater des Impressionismus"
        },
        {
            "direct": "https://www.ardmediathek.de/video/Y3JpZDovL2Rhc2Vyc3RlLmRlL3R0dCAtIHRpdGVsIHRoZXNlbiB0ZW1wZXJhbWVudGUvMjAyNC0wNS0yNl8yMy0wNS1NRVNa/",
            "filter": "https://www.tvspielfilm.de/mediathek/ttt-titel-thesen-temperamente,6634a903672d5955c957484e.html",
            "name": "26.05.  ttt \u2013 titel thesen temperamente - 2024 | Kulturmagazin  (Das Erste)",
            "station": "Das Erste",
            "tvshow": "ttt \u2013 titel thesen temperamente"
        },
        {
            "direct": "https://www.3sat.de/kultur/musik/cristian-macelaru-dirigiert-dvorak-bartok-und-brahms-100.html",
            "filter": "https://www.tvspielfilm.de/mediathek/cristian-mcelaru-dirigiert-dvok-bartk-und-brahms,66333990672d5955c9535fc6.html",
            "name": "25.05.  Cristian M\u0103celaru dirigiert Dvo\u0159\u00e1k, Bart\u00f3k und Brahms - D 2024 | Konzert  (3sat)",
            "station": "3sat",
            "tvshow": "Cristian M\u0103celaru dirigiert Dvo\u0159\u00e1k, Bart\u00f3k und Brahms"
        },
        {
            "direct": "https://www.zdf.de/comedy/heute-show/heute-show-vom-24-mai-2024-100.html",
            "filter": "https://www.tvspielfilm.de/mediathek/heute-show,6630b6c9672d5955c94f82b4.html",
            "name": "24.05.  heute-show - D 2024 | Satireshow  (ZDF)",
            "station": "ZDF",
            "tvshow": "heute-show"
        },
        {
            "direct": "https://www.ardmediathek.de/video/Y3JpZDovL3dkci5kZS9CZWl0cmFnLXNvcGhvcmEtYmE3MGEzNTAtZDQwYy00YWMzLTk3M2YtMzNjZDQ0YjRmOTFk/",
            "filter": "https://www.tvspielfilm.de/mediathek/koelner-treff,6630b671672d5955c94f78f6.html",
            "name": "24.05.  K\u00f6lner Treff - D 2024 | Talkshow  (WDR)",
            "station": "WDR",
            "tvshow": "K\u00f6lner Treff"
        },
        {
            "direct": "https://www.ardmediathek.de/video/Y3JpZDovL3N3ci5kZS9hZXgvbzIwNTM5NDI/",
            "filter": "https://www.tvspielfilm.de/mediathek/nachtcaf,6630b671672d5955c94f78ee.html",
            "name": "24.05.  Nachtcaf\u00e9 - 2024 | Talk  (SWR)",
            "station": "SWR",
            "tvshow": "Nachtcaf\u00e9"
        },
        {
            "direct": "https://www.ardmediathek.de/video/Y3JpZDovL25kci5kZS8zOTI2NzMwMS1iOTVmLTRjMzAtYTQ5MS02MWJkOTVmODQyOWY/",
            "filter": "https://www.tvspielfilm.de/mediathek/ndr-talk-show,6630b670672d5955c94f789f.html",
            "name": "24.05.  NDR Talk Show - 2024 | Talk  (NDR)",
            "station": "NDR",
            "tvshow": "NDR Talk Show"
        },
        {
            "direct": "https://www.ardmediathek.de/video/Y3JpZDovL21kci5kZS9zZW5kdW5nLzI4MjA0MC80NDkzNjAtNDI5Nzgx/",
            "filter": "https://www.tvspielfilm.de/mediathek/olaf-der-flipper,6630b773672d5955c94f889e.html",
            "name": "24.05.  Olaf der Flipper - D 2018 | Heimatreportage  (MDR)",
            "station": "MDR",
            "tvshow": "Olaf der Flipper"
        },
        {
            "direct": "https://www.arte.tv/de/videos/114640-000-A/placebo/",
            "filter": "https://www.tvspielfilm.de/mediathek/placebo,6630bcf5672d5955c94f975c.html",
            "name": "24.05.  Placebo - D 2023 | Rockkonzert  (ARTE)",
            "station": "ARTE",
            "tvshow": "Placebo"
        },
        {
            "direct": "https://www.zdf.de/comedy/zdf-magazin-royale/zdf-magazin-royale-vom-24-mai-2024-100.html",
            "filter": "https://www.tvspielfilm.de/mediathek/zdf-magazin-royale,6630b6d5672d5955c94f8419.html",
            "name": "24.05.  ZDF Magazin Royale - D 2024 | Satireshow  (ZDF)",
            "station": "ZDF",
            "tvshow": "ZDF Magazin Royale"
        },
        {
            "direct": "https://www.ardmediathek.de/video/Y3JpZDovL3N3ci5kZS9hZXgvbzIwNTMzMzQ/",
            "filter": "https://www.tvspielfilm.de/mediathek/ein-jahrhundert-leben-der-schauspieler-walter-schultheiss,662fb9e4672d5955c94d1f94.html",
            "name": "23.05.  Ein Jahrhundert Leben! Der Schauspieler Walter Schulthei\u00df - D 2024 | Dokumentation  (SWR)",
            "station": "SWR",
            "tvshow": "Ein Jahrhundert Leben! Der Schauspieler Walter Schulthei\u00df"
        },
        {
            "direct": "https://www.joyn.de/serien/germanys-next-topmodel/19-15-monsun-shooting",
            "filter": "https://www.tvspielfilm.de/mediathek/germanys-next-topmodel-by-heidi-klum,662fb9ae672d5955c94d1bf6.html",
            "name": "23.05.  Germany's Next Topmodel \u2013 by Heidi Klum - Germanys Next Topmodel \u2013 by Heidi Klum - D 2024 | Castingshow  (ProSieben)",
            "station": "ProSieben",
            "tvshow": "Germany's Next Topmodel \u2013 by Heidi Klum"
        },
        {
            "direct": "https://www.ardmediathek.de/video/Y3JpZDovL21kci5kZS9zZW5kdW5nLzI4MjA0MC80NDkzMjAtNDI5NzQ0/",
            "filter": "https://www.tvspielfilm.de/mediathek/mann-im-mond-die-ic-falkenberg-geschichte,662fd481672d5955c94d52a7.html",
            "name": "23.05.  Mann im Mond \u2013 Die IC Falkenberg-Geschichte - D 2020 | Portr\u00e4t  (MDR)",
            "station": "MDR",
            "tvshow": "Mann im Mond \u2013 Die IC Falkenberg-Geschichte"
        },
        {
            "direct": "https://www.zdf.de/show/neo-ragazzi/neo-ragazzi-126.html",
            "filter": "https://www.tvspielfilm.de/mediathek/neo-ragazzi,662fc842672d5955c94d364e.html",
            "name": "23.05.  Neo Ragazzi - D 2023 | Talkshow  (ZDFneo)",
            "station": "ZDFneo",
            "tvshow": "Neo Ragazzi"
        },
        {
            "direct": "https://www.ardmediathek.de/video/Y3JpZDovL2JyLmRlL2Jyb2FkY2FzdFNjaGVkdWxlU2xvdC80MDQ2MzMyNzk4MTNfRjIwMjNXTzAyMTg0M0EwL3NlY3Rpb24vZWU5YzU1NGItZjE3Ny00YWE1LWI0NWItMjI5NDA0NTk5Zjhl/",
            "filter": "https://www.tvspielfilm.de/mediathek/ringlstetter,662fc483672d5955c94d2daa.html",
            "name": "23.05.  Ringlstetter - D | Talkshow  (BR)",
            "station": "BR",
            "tvshow": "Ringlstetter"
        },
        {
            "direct": "https://www.ardmediathek.de/video/Y3JpZDovL3dkci5kZS9CZWl0cmFnLXNvcGhvcmEtNGE4NTBlOWYtOGU2MS00YTFkLTk5YTMtODJkYmI4YWMyNWMz/",
            "filter": "https://www.tvspielfilm.de/mediathek/ausgerechnet-musical,662f7418672d5955c94c1d44.html",
            "name": "22.05.  Ausgerechnet \u2013 Musical - D 2024 | Reportagereihe  (WDR)",
            "station": "WDR",
            "tvshow": "Ausgerechnet \u2013 Musical"
        },
        {
            "direct": "https://www.joyn.de/serien/die-quatsch-comedy-show/1-6-comedy-mit-ingo-appelt-lisa-feller-alan-robert-timur-turga",
            "filter": "https://www.tvspielfilm.de/mediathek/die-quatsch-comedy-show,662f7424672d5955c94c1e88.html",
            "name": "22.05.  Die Quatsch Comedy Show - D | Comedyshow  (ProSieben)",
            "station": "ProSieben",
            "tvshow": "Die Quatsch Comedy Show"
        },
        {
            "direct": "https://www.joyn.de/serien/gestrandet-in-den-flitterwochen/1-6-das-grosse-finale-wer-verlaesst-die-flitterwochen-insel-als-paar",
            "filter": "https://www.tvspielfilm.de/mediathek/gestrandet-in-den-flitterwochen,662f73f7672d5955c94c19ff.html",
            "name": "22.05.  Gestrandet... in den Flitterwochen - D 2024 | Kuppelshow  (SAT.1)",
            "station": "SAT.1",
            "tvshow": "Gestrandet... in den Flitterwochen"
        },
        {
            "direct": "https://www.ardmediathek.de/video/Y3JpZDovL21kci5kZS9zZW5kdW5nLzI4MjA0MC80NDkyMzQtNDI5NjY5/",
            "filter": "https://www.tvspielfilm.de/mediathek/auktionshaus-wendl-in-rudolstadt,662b7cc9672d5955c946dde8.html",
            "name": "21.05.  Auktionshaus Wendl in Rudolstadt - D 2024 | Dokumentation  (MDR)",
            "station": "MDR",
            "tvshow": "Auktionshaus Wendl in Rudolstadt"
        },
        {
            "direct": "https://www.joyn.de/serien/jenke/7-1-experiment-liebe-von-dating-app-bis-sex-roboter-wie-lieben-wir-in-zukunft",
            "filter": "https://www.tvspielfilm.de/mediathek/jenke-das-experiment-liebe-von-dating-app-bis-sex-roboter,662b7caf672d5955c946db09.html",
            "name": "21.05.  Jenke \u2013 Das Experiment Liebe: Von Dating App bis Sex-Roboter - D 2024 | Dokureihe  (ProSieben)",
            "station": "ProSieben",
            "tvshow": "Jenke \u2013 Das Experiment Liebe: Von Dating App bis Sex-Roboter"
        },
        {
            "direct": "https://www.joyn.de/serien/late-night-berlin-musik-spezial/2020-2-musik-spezial-mit-den-beatsteaks",
            "filter": "https://www.tvspielfilm.de/mediathek/late-night-berlin-musik-spezial-mit-beatsteaks,662b7d0c672d5955c946e7bc.html",
            "name": "21.05.  Late Night Berlin \u2013 Musik-Spezial mit Beatsteaks - D 2024 | Late Night Show  (ProSieben)",
            "station": "ProSieben",
            "tvshow": "Late Night Berlin \u2013 Musik-Spezial mit Beatsteaks"
        },
        {
            "direct": "https://www.zdf.de/dokumentation/terra-x-history/75-jahre-brd-ddr-der-grosse-deutschland-test-mit-mirko-drotschmann-100.html",
            "filter": "https://www.tvspielfilm.de/mediathek/terra-x-history-75-jahre-deutschland-der-grosse-test,662b7cbf672d5955c946dcdc.html",
            "name": "21.05.  Terra X History: 75 Jahre Deutschland: Der gro\u00dfe Test - D 2024 | Geschichtsdoku  (ZDF)",
            "station": "ZDF",
            "tvshow": "Terra X History: 75 Jahre Deutschland: Der gro\u00dfe Test"
        },
        {
            "direct": "https://www.ardmediathek.de/video/Y3JpZDovL2JyLmRlL2Jyb2FkY2FzdC9GMjAyMFdPMDIwNDk4QTA/",
            "filter": "https://www.tvspielfilm.de/mediathek/bezzel-und-schwarz-die-grenzgaenger,662b3b1d672d5955c9450203.html",
            "name": "20.05.  Bezzel & Schwarz \u2013 Die Grenzg\u00e4nger - D 2021 | Reisedoku  (BR)",
            "station": "BR",
            "tvshow": "Bezzel & Schwarz \u2013 Die Grenzg\u00e4nger"
        },
        {
            "direct": "https://www.ardmediathek.de/video/Y3JpZDovL3N3ci5kZS9hZXgvbzIwNTA4MDU/",
            "filter": "https://www.tvspielfilm.de/mediathek/bw-bambus-beet-und-blaue-banane,662a8517672d5955c944b907.html",
            "name": "20.05.  BW: Bambus, Beet & Blaue Banane - D 2024 | Dokumentation  (SWR)",
            "station": "SWR",
            "tvshow": "BW: Bambus, Beet & Blaue Banane"
        },
        {
            "direct": "https://www.zdf.de/dokumentation/zdfinfo-doku/das-war-dann-mal-weg--muckefuck-eisbombe-co-100.html",
            "filter": "https://www.tvspielfilm.de/mediathek/das-war-dann-mal-weg,662b3b4f672d5955c9450558.html",
            "name": "20.05.  Das war dann mal weg - D 2023 | Dokureihe  (ZDFinfo)",
            "station": "ZDFinfo",
            "tvshow": "Das war dann mal weg"
        },
        {
            "direct": "https://www.ardmediathek.de/video/Y3JpZDovL21kci5kZS9zZW5kdW5nLzI4MjA0MC80NDkxOTctNDI5NjM3/",
            "filter": "https://www.tvspielfilm.de/mediathek/nana-mouskouri-momente-ihres-lebens,662b3dc3672d5955c9451161.html",
            "name": "20.05.  Nana Mouskouri \u2013 Momente ihres Lebens - D 2019 | Portr\u00e4t  (MDR)",
            "station": "MDR",
            "tvshow": "Nana Mouskouri \u2013 Momente ihres Lebens"
        },
        {
            "direct": "https://www.ardmediathek.de/video/Y3JpZDovL3dkci5kZS9CZWl0cmFnLTg5OWNmZGI0LWU5NDktNDdhYi05YzNkLTU1ZmExZTYwNmNlMw/",
            "filter": "https://www.tvspielfilm.de/mediathek/wunderschoen,662b3b4b672d5955c9450539.html",
            "name": "20.05.  Wundersch\u00f6n! - D 2022 | Reisereportage  (WDR)",
            "station": "WDR",
            "tvshow": "Wundersch\u00f6n!"
        },
        {
            "direct": "https://www.ardmediathek.de/video/Y3JpZDovL3N3ci5kZS9hZXgvbzIwNTE3MTY/",
            "filter": "https://www.tvspielfilm.de/mediathek/bw-treffpunkt,662a1592f776a630ef58f448.html",
            "name": "19.05.  BW: Treffpunkt - 2024 | Talk  (SWR)",
            "station": "SWR",
            "tvshow": "BW: Treffpunkt"
        },
        {
            "direct": "https://www.ardmediathek.de/video/Y3JpZDovL3JiYl8xOGUyODc4Ny03MWMzLTQyN2UtYmZmYi0yYzNlZDlhMTViNmRfcHVibGljYXRpb24/",
            "filter": "https://www.tvspielfilm.de/mediathek/karneval-der-kulturen-2024,662a0e13f776a630ef58cff5.html",
            "name": "19.05.  Karneval der Kulturen 2024 - D 2024 | Karneval  (RBB)",
            "station": "RBB",
            "tvshow": "Karneval der Kulturen 2024"
        },
        {
            "direct": "https://www.ardmediathek.de/video/Y3JpZDovL3dkci5kZS9CZWl0cmFnLWNkMGE1NTYxLWMxYmQtNDQwMC1iY2M3LTZjZDVlOTA5ODYzZg/",
            "filter": "https://www.tvspielfilm.de/mediathek/wunderschoen,662a15d7f776a630ef58fa2c.html",
            "name": "19.05.  Wundersch\u00f6n! - D 2022 | Reisereportage  (WDR)",
            "station": "WDR",
            "tvshow": "Wundersch\u00f6n!"
        },
        {
            "direct": "https://www.ardmediathek.de/video/Y3JpZDovL3dkci5kZS9CZWl0cmFnLXNvcGhvcmEtNzhlM2YzMjYtZjkyMC00ZGIwLTllOTAtOWE2OWE2OWQxMzA2/",
            "filter": "https://www.tvspielfilm.de/mediathek/die-hirschhausen-show-was-kann-der-mensch,662915eff776a630ef56d23a.html",
            "name": "18.05.  Die Hirschhausen-Show \u2013 Was kann der Mensch? - D 2024 | Wissensshow  (Das Erste)",
            "station": "Das Erste",
            "tvshow": "Die Hirschhausen-Show \u2013 Was kann der Mensch?"
        },
        {
            "direct": "https://www.joyn.de/serien/the-masked-singer/10-6-finale",
            "filter": "https://www.tvspielfilm.de/mediathek/the-masked-singer,662915fdf776a630ef56d2e6.html",
            "name": "18.05.  The Masked Singer - D 2024 | Musikshow  (ProSieben)",
            "station": "ProSieben",
            "tvshow": "The Masked Singer"
        },
        {
            "direct": "https://www.ardmediathek.de/video/Y3JpZDovL21kci5kZS9iZWl0cmFnL2Ntcy9lOTczMDAwOS01YmJmLTQ5NTEtOTRjZC1mNDI3YzU1OGMwYzI/",
            "filter": "https://www.tvspielfilm.de/mediathek/ute-freudenberg-das-abschiedskonzert,662915f8f776a630ef56d2b9.html",
            "name": "18.05.  Ute Freudenberg \u2013 Das Abschiedskonzert - D 2024 | Konzert  (MDR)",
            "station": "MDR",
            "tvshow": "Ute Freudenberg \u2013 Das Abschiedskonzert"
        },
        {
            "direct": "https://www.zdf.de/comedy/heute-show/heute-show-vom-17-mai-2024-100.html",
            "filter": "https://www.tvspielfilm.de/mediathek/heute-show,6628fb5af776a630ef56370d.html",
            "name": "17.05.  heute-show - D | Satireshow  (ZDF)",
            "station": "ZDF",
            "tvshow": "heute-show"
        },
        {
            "direct": "https://www.ardmediathek.de/video/Y3JpZDovL3dkci5kZS9CZWl0cmFnLXNvcGhvcmEtZWZjN2QxYTQtNGMxNS00MDljLWE0MzAtZDMwNjk1MDFlMmZh/",
            "filter": "https://www.tvspielfilm.de/mediathek/koelner-treff,6628f4daf776a630ef5626a4.html",
            "name": "17.05.  K\u00f6lner Treff - D 2024 | Talkshow  (WDR)",
            "station": "WDR",
            "tvshow": "K\u00f6lner Treff"
        },
        {
            "direct": "https://www.ardmediathek.de/video/Y3JpZDovL3dkci5kZS9CZWl0cmFnLXNvcGhvcmEtMjA2ZDYzYzQtMWYwZC00NWE2LWI4OGEtNDllOTExYjY2MzJj/",
            "filter": "https://www.tvspielfilm.de/mediathek/meine-heimat-mein-verein-koeln-und-der-fc,6628dca2f776a630ef55d24a.html",
            "name": "17.05.  Meine Heimat. Mein Verein. K\u00f6ln und der FC - D 2024 | Fu\u00dfballclubportr\u00e4t  (WDR)",
            "station": "WDR",
            "tvshow": "Meine Heimat. Mein Verein. K\u00f6ln und der FC"
        },
        {
            "direct": "https://www.ardmediathek.de/video/Y3JpZDovL3N3ci5kZS9hZXgvbzIwNTMxMjI/",
            "filter": "https://www.tvspielfilm.de/mediathek/nachtcaf,6628f4d6f776a630ef562692.html",
            "name": "17.05.  Nachtcaf\u00e9 - 2024 | Talk  (SWR)",
            "station": "SWR",
            "tvshow": "Nachtcaf\u00e9"
        },
        {
            "direct": "https://www.joyn.de/serien/the-voice-kids/12-9-das-fulminante-finale-ein-sieg-der-wal-lianz",
            "filter": "https://www.tvspielfilm.de/mediathek/the-voice-kids,6628dc88f776a630ef55d15f.html",
            "name": "17.05.  The Voice Kids - D 2024 | Castingshow  (SAT.1)",
            "station": "SAT.1",
            "tvshow": "The Voice Kids"
        },
        {
            "direct": "https://www.zdf.de/comedy/zdf-magazin-royale/zdf-magazin-royale-vom-17-mai-2024-100.html",
            "filter": "https://www.tvspielfilm.de/mediathek/zdf-magazin-royale,662902daf776a630ef564242.html",
            "name": "17.05.  ZDF Magazin Royale - D 2024 | Satireshow  (ZDF)",
            "station": "ZDF",
            "tvshow": "ZDF Magazin Royale"
        },
        {
            "direct": "https://www.ardmediathek.de/video/Y3JpZDovL3N3ci5kZS9hZXgvbzIwNDkyNDg/",
            "filter": "https://www.tvspielfilm.de/mediathek/aznavour-by-charles,6627f203f776a630ef538fd5.html",
            "name": "16.05.  Aznavour by Charles - F 2020 | Dokumentation  (SWR)",
            "station": "SWR",
            "tvshow": "Aznavour by Charles"
        },
        {
            "direct": "https://www.ardmediathek.de/video/Y3JpZDovL25kci5kZS83MDA5YThlYS00ZjQ4LTQ2MTEtYTYwMy0yYWVmNGM2ZTEwZjY/",
            "filter": "https://www.tvspielfilm.de/mediathek/extra-3,6627e6c3f776a630ef53869c.html",
            "name": "16.05.  extra 3 - 2024 | Satiremagazin  (Das Erste)",
            "station": "Das Erste",
            "tvshow": "extra 3"
        },
        {
            "direct": "https://www.joyn.de/serien/germanys-next-topmodel/19-14-its-showtime-die-models-rocken-die-grosse-buehne",
            "filter": "https://www.tvspielfilm.de/mediathek/germanys-next-topmodel-by-heidi-klum,6627c338f776a630ef533059.html",
            "name": "16.05.  Germany's Next Topmodel \u2013 by Heidi Klum - Germanys Next Topmodel \u2013 by Heidi Klum - D 2024 | Castingshow  (ProSieben)",
            "station": "ProSieben",
            "tvshow": "Germany's Next Topmodel \u2013 by Heidi Klum"
        },
        {
            "direct": "https://www.ardmediathek.de/video/Y3JpZDovL3dkci5kZS9CZWl0cmFnLTZkZmE2ZjA2LWU3MmUtNDg3Zi04YmY4LWQyYzFhYjAyNGRjZg/",
            "filter": "https://www.tvspielfilm.de/mediathek/quarks,6627c360f776a630ef533194.html",
            "name": "16.05.  Quarks - 2023 | Wissenschaftsmagazin  (WDR)",
            "station": "WDR",
            "tvshow": "Quarks"
        },
        {
            "direct": "https://www.joyn.de/serien/mein-lokal-dein-lokal-der-profi-kommt/18-65-mediterrane-kueche-im-zum-roessel",
            "filter": "https://www.tvspielfilm.de/mediathek/mein-lokal-dein-lokal-der-profi-kommt,6626a377f776a630ef504a3e.html",
            "name": "15.05.  Mein Lokal, Dein Lokal \u2013 Der Profi kommt - D 2024 | Dokusoap  (Kabel 1)",
            "station": "Kabel 1",
            "tvshow": "Mein Lokal, Dein Lokal \u2013 Der Profi kommt"
        },
        {
            "direct": "https://www.ardmediathek.de/video/Y3JpZDovL3N3ci5kZS9hZXgvbzIwNDc4MTc/",
            "filter": "https://www.tvspielfilm.de/mediathek/comedy-scheune,662651c9f776a630ef4f8e09.html",
            "name": "14.05.  Comedy Scheune - D 2024 | Show  (SWR)",
            "station": "SWR",
            "tvshow": "Comedy Scheune"
        },
        {
            "direct": "https://www.zdf.de/dokumentation/zdfzeit/die-spinnen-die-deutschen-100.html",
            "filter": "https://www.tvspielfilm.de/mediathek/die-spinnen-die-deutschen-comedy-von-loriot-und-co,66264efaf776a630ef4f8395.html",
            "name": "14.05.  Die spinnen, die Deutschen! \u2013 Comedy von Loriot & Co. - D 2024 | Dokumentation  (ZDF)",
            "station": "ZDF",
            "tvshow": "Die spinnen, die Deutschen! \u2013 Comedy von Loriot & Co."
        },
        {
            "direct": "https://www.joyn.de/serien/joko-klaas-gegen-prosieben/7-6-mario-basler-lena-gercke-vivi-geppert-und-mehr-stellen-sich-joko-klaas",
            "filter": "https://www.tvspielfilm.de/mediathek/joko-und-klaas-gegen-prosieben,66264e59f776a630ef4f7f1e.html",
            "name": "14.05.  Joko & Klaas gegen ProSieben - D 2024 | Show  (ProSieben)",
            "station": "ProSieben",
            "tvshow": "Joko & Klaas gegen ProSieben"
        },
        {
            "direct": "https://www.joyn.de/serien/late-night-berlin-mit-klaas-heufer-umlauf-dpmhvgm3ls7v/2024-14-best-of-2024-anzeigenhauptmeister-die-besten-ueberraschungsgaeste-und-mehr",
            "filter": "https://www.tvspielfilm.de/mediathek/late-night-berlin-mit-klaas-heufer-umlauf,662661b3f776a630ef4fa75f.html",
            "name": "14.05.  Late Night Berlin \u2013 Mit Klaas Heufer-Umlauf - D 2024 | Late Night Show  (ProSieben)",
            "station": "ProSieben",
            "tvshow": "Late Night Berlin \u2013 Mit Klaas Heufer-Umlauf"
        },
        {
            "direct": "https://www.joyn.de/serien/das-schnaeppchen-menue-drei-gaenge-fertig-los/1-1-griechische-schwesternliebe-gegen-verliebte-uni-dozenten",
            "filter": "https://www.tvspielfilm.de/mediathek/das-schnaeppchen-menue-drei-gaenge-fertig-los,6622797df776a630ef4a4a8b.html",
            "name": "13.05.  Das Schn\u00e4ppchen-Men\u00fc \u2013 Drei G\u00e4nge, fertig, los! - D 2024 | Kochsoap  (SAT.1)",
            "station": "SAT.1",
            "tvshow": "Das Schn\u00e4ppchen-Men\u00fc \u2013 Drei G\u00e4nge, fertig, los!"
        },
        {
            "direct": "https://www.joyn.de/serien/drei-teller-fuer-lafer/1-1-schicht-fuer-schicht",
            "filter": "https://www.tvspielfilm.de/mediathek/drei-teller-fuer-lafer,66226b64f776a630ef49fd61.html",
            "name": "13.05.  Drei Teller f\u00fcr Lafer - D 2024 | Kochshow  (SAT.1)",
            "station": "SAT.1",
            "tvshow": "Drei Teller f\u00fcr Lafer"
        },
        {
            "direct": "https://www.ardmediathek.de/video/Y3JpZDovL2JyLmRlL2Jyb2FkY2FzdFNjaGVkdWxlU2xvdC80MTA5NjcyNTA4MTNfRjIwMjRXTzAwMjc1M0Ew/",
            "filter": "https://www.tvspielfilm.de/mediathek/br-klassik-sounds-of-babylon,6621116df776a630ef46fb8f.html",
            "name": "12.05.  BR-KLASSIK: Sounds of Babylon - D 2024 | Musikdokureihe  (BR)",
            "station": "BR",
            "tvshow": "BR-KLASSIK: Sounds of Babylon"
        },
        {
            "direct": "https://www.ardmediathek.de/video/Y3JpZDovL2JyLmRlL2Jyb2FkY2FzdFNjaGVkdWxlU2xvdC80MDM3NDUwNTU4MTNfRjIwMjRXTzAwMTIzNUEw/",
            "filter": "https://www.tvspielfilm.de/mediathek/brettl-spitzen-xxx,66213dbef776a630ef4773a8.html",
            "name": "12.05.  Brettl-Spitzen XXX - D 2024 | Musikshow  (BR)",
            "station": "BR",
            "tvshow": "Brettl-Spitzen XXX"
        },
        {
            "direct": "https://www.zdf.de/kultur/musik-und-theater/die-wiener-philharmoniker-in-der-waldbuehne-berlin-100.html",
            "filter": "https://www.tvspielfilm.de/mediathek/die-wiener-philharmoniker-in-der-waldbuehne-berlin,662147ccf776a630ef4784a9.html",
            "name": "12.05.  Die Wiener Philharmoniker in der Waldb\u00fchne Berlin - D 2024 | Konzert  (ZDF)",
            "station": "ZDF",
            "tvshow": "Die Wiener Philharmoniker in der Waldb\u00fchne Berlin"
        },
        {
            "direct": "https://www.ardmediathek.de/video/Y3JpZDovL3N3ci5kZS9hZXgvbzIwNDgwNjE/",
            "filter": "https://www.tvspielfilm.de/mediathek/handwerkskunst,66213d89f776a630ef476c47.html",
            "name": "12.05.  Handwerkskunst! - D 2024 | Doku  (SWR)",
            "station": "SWR",
            "tvshow": "Handwerkskunst!"
        },
        {
            "direct": "https://www.zdf.de/dokumentation/terra-x-history/verliebt-verlobt-verheiratet-mythos-hochzeit-100.html",
            "filter": "https://www.tvspielfilm.de/mediathek/terra-x-history-verliebt-verlobt-verheiratet,662158a8f776a630ef479d39.html",
            "name": "12.05.  Terra X History \u2013 Verliebt, verlobt, verheiratet - D 2024 | Dokumentation  (ZDF)",
            "station": "ZDF",
            "tvshow": "Terra X History \u2013 Verliebt, verlobt, verheiratet"
        },
        {
            "direct": "https://www.arte.tv/de/videos/114181-000-A/buffalo-bill-erfinder-des-wilden-westens/",
            "filter": "https://www.tvspielfilm.de/mediathek/buffalo-bill-erfinder-des-wilden-westens,66201269f776a630ef44b803.html",
            "name": "11.05.  Buffalo Bill \u2013 Erfinder des Wilden Westens - D/USA 2024 | Dokumentarfilm  (ARTE)",
            "station": "ARTE",
            "tvshow": "Buffalo Bill \u2013 Erfinder des Wilden Westens"
        },
        {
            "direct": "https://www.ardmediathek.de/video/Y3JpZDovL25kci5kZS80OTg3XzIwMjQtMDMtMjYtMjAtMTU/",
            "filter": "https://www.tvspielfilm.de/mediathek/esc-der-countdown,66201265f776a630ef44b7dc.html",
            "name": "11.05.  ESC \u2013 Der Countdown - 2024 | Musikwettbewerb  (Das Erste)",
            "station": "Das Erste",
            "tvshow": "ESC \u2013 Der Countdown"
        },
        {
            "direct": "https://www.3sat.de/kultur/theater-und-tanz/theatertreffen-macbeth-100.html",
            "filter": "https://www.tvspielfilm.de/mediathek/macbeth,66201265f776a630ef44b7c8.html",
            "name": "11.05.  Macbeth - D 2024 | Schauspiel  (3sat)",
            "station": "3sat",
            "tvshow": "Macbeth"
        },
        {
            "direct": "https://www.joyn.de/serien/selena-gomez-kocht-genussvoll-lernen/3-1-soulfood-aus-nigeria",
            "filter": "https://www.tvspielfilm.de/mediathek/selena-gomez-kocht-genussvoll-lernen,661fd86ef776a630ef442f5c.html",
            "name": "11.05.  Selena Gomez kocht \u2013 Genussvoll lernen - USA 2021 | Doku-Soap  (SIXX)",
            "station": "SIXX",
            "tvshow": "Selena Gomez kocht \u2013 Genussvoll lernen"
        },
        {
            "direct": "https://www.joyn.de/serien/abenteuer-leben-taeglich/2024-75-der-schnaeppchen-camper",
            "filter": "https://www.tvspielfilm.de/mediathek/abenteuer-leben-taeglich,661e9202f776a630ef411bd7.html",
            "name": "10.05.  Abenteuer Leben t\u00e4glich - D | Wissensmagazin  (Kabel 1)",
            "station": "Kabel 1",
            "tvshow": "Abenteuer Leben t\u00e4glich"
        },
        {
            "direct": "https://www.arte.tv/de/videos/109343-000-A/eric-clapton/",
            "filter": "https://www.tvspielfilm.de/mediathek/eric-clapton,661f8a75f776a630ef430098.html",
            "name": "10.05.  Eric Clapton - USA 1995 | Dokumentarfilm  (ARTE)",
            "station": "ARTE",
            "tvshow": "Eric Clapton"
        },
        {
            "direct": "https://www.zdf.de/comedy/heute-show/heute-show-vom-10-mai-2024-100.html",
            "filter": "https://www.tvspielfilm.de/mediathek/heute-show,661f8892f776a630ef42fd24.html",
            "name": "10.05.  heute-show - D | Satireshow  (ZDF)",
            "station": "ZDF",
            "tvshow": "heute-show"
        },
        {
            "direct": "https://www.ardmediathek.de/video/Y3JpZDovL25kci5kZS9wcm9wbGFuXzE5NjM1NzcwM19nYW56ZVNlbmR1bmc/",
            "filter": "https://www.tvspielfilm.de/mediathek/kaeptns-dinner,661f9e2cf776a630ef43251e.html",
            "name": "10.05.  K\u00e4pt'ns Dinner - K\u00e4ptns Dinner - 2024 | Talk  (NDR)",
            "station": "NDR",
            "tvshow": "K\u00e4pt'ns Dinner"
        },
        {
            "direct": "https://www.ardmediathek.de/video/Y3JpZDovL25kci5kZS9wcm9wbGFuXzE5NjM0NzYyM19nYW56ZVNlbmR1bmc/",
            "filter": "https://www.tvspielfilm.de/mediathek/ndr-talk-show,661f8203f776a630ef42eb82.html",
            "name": "10.05.  NDR Talk Show - 2024 | Talk  (NDR)",
            "station": "NDR",
            "tvshow": "NDR Talk Show"
        },
        {
            "direct": "https://www.joyn.de/serien/the-voice-kids/12-8-sing-offs-die-letzten-coach-entscheidungen-vor-dem-finale",
            "filter": "https://www.tvspielfilm.de/mediathek/the-voice-kids,661f69c9f776a630ef4222ab.html",
            "name": "10.05.  The Voice Kids - D 2024 | Castingshow  (SAT.1)",
            "station": "SAT.1",
            "tvshow": "The Voice Kids"
        },
        {
            "direct": "https://www.zdf.de/comedy/zdf-magazin-royale/zdf-magazin-royale-vom-10-mai-2024-102.html",
            "filter": "https://www.tvspielfilm.de/mediathek/zdf-magazin-royale,661f9024f776a630ef430803.html",
            "name": "10.05.  ZDF Magazin Royale - D 2024 | Satireshow  (ZDF)",
            "station": "ZDF",
            "tvshow": "ZDF Magazin Royale"
        },
        {
            "direct": "https://www.arte.tv/de/videos/112778-000-A/planet-der-affen-meilenstein-der-science-fiction/",
            "filter": "https://www.tvspielfilm.de/mediathek/planet-der-affen-meilenstein-der-science-fiction,661f7d57f776a630ef42bdef.html",
            "name": "10.05.  \u201ePlanet der Affen\u201c \u2013 Meilenstein der Science-Fiction - F 2023 | Dokumentation  (ARTE)",
            "station": "ARTE",
            "tvshow": "\u201ePlanet der Affen\u201c \u2013 Meilenstein der Science-Fiction"
        },
        {
            "direct": "https://www.ardmediathek.de/video/Y3JpZDovL25kci5kZS8zMmY1MDNlZi1iMjEzLTRlYWEtYjIzYy0zNzFlNmI3ZTU0ZGFfZ2FuemVTZW5kdW5n/",
            "filter": "https://www.tvspielfilm.de/mediathek/eurovision-song-contest-2024-2-halbfinale,661e227af776a630ef3f4fa1.html",
            "name": "09.05.  Eurovision Song Contest 2024 \u2013 2. Halbfinale - 130 Min. | Musikwettbewerb  (ONE)",
            "station": "ONE",
            "tvshow": "Eurovision Song Contest 2024 \u2013 2. Halbfinale"
        },
        {
            "direct": "https://www.joyn.de/serien/germanys-next-topmodel/19-13-ready-set-action",
            "filter": "https://www.tvspielfilm.de/mediathek/germanys-next-topmodel-by-heidi-klum,661e1833f776a630ef3f39a5.html",
            "name": "09.05.  Germany's Next Topmodel \u2013 by Heidi Klum - Germanys Next Topmodel \u2013 by Heidi Klum - D 2024 | Castingshow  (ProSieben)",
            "station": "ProSieben",
            "tvshow": "Germany's Next Topmodel \u2013 by Heidi Klum"
        },
        {
            "direct": "https://www.ardmediathek.de/video/Y3JpZDovL25kci5kZS8xNTg3XzIwMjQtMDUtMDktMjAtMTU/",
            "filter": "https://www.tvspielfilm.de/mediathek/kaum-zu-glauben-vaeter-spezial,661e182ef776a630ef3f3947.html",
            "name": "09.05.  Kaum zu glauben! \u2013 V\u00e4ter spezial - 2024 | Rateshow  (NDR)",
            "station": "NDR",
            "tvshow": "Kaum zu glauben! \u2013 V\u00e4ter spezial"
        },
        {
            "direct": "https://www.ardmediathek.de/video/Y3JpZDovL3dkci5kZS9CZWl0cmFnLXNvcGhvcmEtYmY1NzA2NDQtYzI3Zi00MjIxLThmNTItYjRiZmYxZmUyZDI2/",
            "filter": "https://www.tvspielfilm.de/mediathek/loriot-100,661ce63ef776a630ef3d3770.html",
            "name": "08.05.  Loriot 100 - D 2023 | Hommage  (WDR)",
            "station": "WDR",
            "tvshow": "Loriot 100"
        },
        {
            "direct": "https://www.arte.tv/de/videos/115047-000-A/die-macht-der-musik-200-jahre-beethovens-neunte/",
            "filter": "https://www.tvspielfilm.de/mediathek/die-macht-der-musik-200-jahre-beethovens-neunte,66190a6efe88bf7c6ff212f2.html",
            "name": "07.05.  Die Macht der Musik \u2013 200 Jahre Beethovens Neunte - D 2024 | Dokumentarfilm  (ARTE)",
            "station": "ARTE",
            "tvshow": "Die Macht der Musik \u2013 200 Jahre Beethovens Neunte"
        },
        {
            "direct": "https://www.joyn.de/serien/joko-klaas-gegen-prosieben/7-5-das-comeback-der-angstgegner",
            "filter": "https://www.tvspielfilm.de/mediathek/joko-und-klaas-gegen-prosieben,66190a82fe88bf7c6ff21414.html",
            "name": "07.05.  Joko & Klaas gegen ProSieben - D 2024 | Show  (ProSieben)",
            "station": "ProSieben",
            "tvshow": "Joko & Klaas gegen ProSieben"
        },
        {
            "direct": "https://www.joyn.de/serien/late-night-berlin-mit-klaas-heufer-umlauf-dpmhvgm3ls7v/2024-13-anke-engelke-zu-gast-und-sabine-wird-schauspielerin",
            "filter": "https://www.tvspielfilm.de/mediathek/late-night-berlin-mit-klaas-heufer-umlauf,661931cafe88bf7c6ff27917.html",
            "name": "07.05.  Late Night Berlin \u2013 Mit Klaas Heufer-Umlauf - D 2024 | Late Night Show  (ProSieben)",
            "station": "ProSieben",
            "tvshow": "Late Night Berlin \u2013 Mit Klaas Heufer-Umlauf"
        },
        {
            "direct": "https://www.arte.tv/de/videos/119406-001-A/ludwig-van-beethoven-symphonie-nr-9/",
            "filter": "https://www.tvspielfilm.de/mediathek/ludwig-van-beethoven-symphonie-nr-9,66191d2bfe88bf7c6ff24000.html",
            "name": "07.05.  Ludwig van Beethoven: Symphonie Nr. 9 - F/A/I/D 2024 | Konzert  (ARTE)",
            "station": "ARTE",
            "tvshow": "Ludwig van Beethoven: Symphonie Nr. 9"
        },
        {
            "direct": "https://www.ardmediathek.de/video/Y3JpZDovL3N3ci5kZS9hZXgvbzIwNDY1ODU/",
            "filter": "https://www.tvspielfilm.de/mediathek/marktcheck,66190a94fe88bf7c6ff215a8.html",
            "name": "07.05.  Marktcheck - 2024 | Verbrauchermagazin  (SWR)",
            "station": "SWR",
            "tvshow": "Marktcheck"
        },
        {
            "direct": "https://www.ardmediathek.de/video/Y3JpZDovL25kci5kZS9wcm9wbGFuXzE5NjM1NjA1OV9nYW56ZVNlbmR1bmc/",
            "filter": "https://www.tvspielfilm.de/mediathek/die-tricks-der-drogerien,6617fb816d143d6662d342b8.html",
            "name": "06.05.  Die Tricks der Drogerien - D 2024 | Verbrauchertipps  (NDR)",
            "station": "NDR",
            "tvshow": "Die Tricks der Drogerien"
        },
        {
            "direct": "https://www.ardmediathek.de/video/Y3JpZDovL3dkci5kZS9CZWl0cmFnLXNvcGhvcmEtZDg4ZDllMmEtZDA3Ny00ZDFjLThjNTktNmZhOTlhOTZhYTNm/",
            "filter": "https://www.tvspielfilm.de/mediathek/hallo-tierheim,66180d476d143d6662d3766f.html",
            "name": "06.05.  Hallo Tierheim! - D 2024 | Dokureihe  (WDR)",
            "station": "WDR",
            "tvshow": "Hallo Tierheim!"
        },
        {
            "direct": "https://www.ardmediathek.de/video/Y3JpZDovL25kci5kZS84NDlmMDljNS01NDlkLTQwYTgtYjEzZi0zODI5YzJlODJmMGY/",
            "filter": "https://www.tvspielfilm.de/mediathek/markt,6617f14b6d143d6662d3278e.html",
            "name": "06.05.  Markt - D 2024 | Verbrauchermagazin  (NDR)",
            "station": "NDR",
            "tvshow": "Markt"
        },
        {
            "direct": "https://www.ardmediathek.de/video/Y3JpZDovL2JyLmRlL2Jyb2FkY2FzdFNjaGVkdWxlU2xvdC80MDM3Mzg2NDE4MTNfRjIwMjNXTzAxNjM1NkEw/",
            "filter": "https://www.tvspielfilm.de/mediathek/aufgegabelt-von-alexander-herrmann,6617aa266d143d6662d23421.html",
            "name": "05.05.  Aufgegabelt von Alexander Herrmann - D | Reportage  (BR)",
            "station": "BR",
            "tvshow": "Aufgegabelt von Alexander Herrmann"
        },
        {
            "direct": "https://www.zdf.de/show/mein-fabelhaftes-ferienhaus/mein-fabelhaftes-ferienhaus-116.html",
            "filter": "https://www.tvspielfilm.de/mediathek/mein-fabelhaftes-ferienhaus,6617a6336d143d6662d2201e.html",
            "name": "05.05.  Mein fabelhaftes Ferienhaus - D 2024 | Dokusoap  (ZDF)",
            "station": "ZDF",
            "tvshow": "Mein fabelhaftes Ferienhaus"
        },
        {
            "direct": "https://www.zdf.de/show/zdf-fernsehgarten/240505-sendung-fsg-102.html",
            "filter": "https://www.tvspielfilm.de/mediathek/zdf-fernsehgarten,6617a1a76d143d6662d211a1.html",
            "name": "05.05.  ZDF-Fernsehgarten - D 2024 | Musikshow  (ZDF)",
            "station": "ZDF",
            "tvshow": "ZDF-Fernsehgarten"
        },
        {
            "direct": "https://www.3sat.de/kultur/theater-und-tanz/theatertreffen-laios-102.html",
            "filter": "https://www.tvspielfilm.de/mediathek/laios,661649ac74508655b06c1b9d.html",
            "name": "04.05.  Laios - D 2024 | Theaterauff\u00fchrung  (3sat)",
            "station": "3sat",
            "tvshow": "Laios"
        },
        {
            "direct": "https://www.joyn.de/serien/the-masked-singer/10-5-halbfinale",
            "filter": "https://www.tvspielfilm.de/mediathek/the-masked-singer,66164b4f74508655b06c2c20.html",
            "name": "04.05.  The Masked Singer - D 2024 | Musikshow  (ProSieben)",
            "station": "ProSieben",
            "tvshow": "The Masked Singer"
        },
        {
            "direct": "https://www.ardmediathek.de/video/Y3JpZDovL3dkci5kZS9CZWl0cmFnLXNvcGhvcmEtNTE2YmI4OTktMGVlNi00MjY5LTg5ZTMtNjA3ODcxMTg5ZmVm/",
            "filter": "https://www.tvspielfilm.de/mediathek/unsere-fruehlingsgeschichten,6616497774508655b06c1316.html",
            "name": "04.05.  Unsere Fr\u00fchlingsgeschichten - D 2024 | Dokumentarfilm  (WDR)",
            "station": "WDR",
            "tvshow": "Unsere Fr\u00fchlingsgeschichten"
        },
        {
            "direct": "https://www.zdf.de/comedy/heute-show/heute-show-vom-03-mai-2024-100.html",
            "filter": "https://www.tvspielfilm.de/mediathek/heute-show,6615600a74508655b068e69f.html",
            "name": "03.05.  heute-show - D | Satireshow  (ZDF)",
            "station": "ZDF",
            "tvshow": "heute-show"
        },
        {
            "direct": "https://www.ardmediathek.de/video/Y3JpZDovL25kci5kZS9wcm9wbGFuXzE5NjM1NzcwMl9nYW56ZVNlbmR1bmc/",
            "filter": "https://www.tvspielfilm.de/mediathek/kaeptns-dinner,6615602b74508655b068ec82.html",
            "name": "03.05.  K\u00e4pt'ns Dinner - K\u00e4ptns Dinner - 2024 | Talk  (NDR)",
            "station": "NDR",
            "tvshow": "K\u00e4pt'ns Dinner"
        },
        {
            "direct": "https://www.ardmediathek.de/video/Y3JpZDovL3dkci5kZS9CZWl0cmFnLXNvcGhvcmEtMmUyYjM4YzEtMmRjYi00NDk3LWEyNTAtYzVkOTMyMGE2MWVk/",
            "filter": "https://www.tvspielfilm.de/mediathek/koelner-treff,66155ffd74508655b068e4e4.html",
            "name": "03.05.  K\u00f6lner Treff - D 2024 | Talkshow  (WDR)",
            "station": "WDR",
            "tvshow": "K\u00f6lner Treff"
        },
        {
            "direct": "https://www.ardmediathek.de/video/Y3JpZDovL3N3ci5kZS9hZXgvbzE4OTMyMzA/",
            "filter": "https://www.tvspielfilm.de/mediathek/nachtcaf,66155ffd74508655b068e4d7.html",
            "name": "03.05.  Nachtcaf\u00e9 - 2023 | Talk  (SWR)",
            "station": "SWR",
            "tvshow": "Nachtcaf\u00e9"
        },
        {
            "direct": "https://www.joyn.de/serien/the-voice-kids/12-7-battles-2-zwischen-gluecksgefuehlen-und-traenen",
            "filter": "https://www.tvspielfilm.de/mediathek/the-voice-kids,661559c974508655b068cf5a.html",
            "name": "03.05.  The Voice Kids - D 2024 | Castingshow  (SAT.1)",
            "station": "SAT.1",
            "tvshow": "The Voice Kids"
        },
        {
            "direct": "https://www.arte.tv/de/videos/101888-000-A/the-who-die-explosive-geschichte-einer-band/",
            "filter": "https://www.tvspielfilm.de/mediathek/the-who-die-explosive-geschichte-einer-band,6615600174508655b068e4fb.html",
            "name": "03.05.  The Who \u2013 Die explosive Geschichte einer Band - F 2021 | Dokumentation  (ARTE)",
            "station": "ARTE",
            "tvshow": "The Who \u2013 Die explosive Geschichte einer Band"
        },
        {
            "direct": "https://www.zdf.de/comedy/zdf-magazin-royale/zdf-magazin-royale-vom-3-mai-2024-100.html",
            "filter": "https://www.tvspielfilm.de/mediathek/zdf-magazin-royale,6615602074508655b068e95b.html",
            "name": "03.05.  ZDF Magazin Royale - D 2024 | Satireshow  (ZDF)",
            "station": "ZDF",
            "tvshow": "ZDF Magazin Royale"
        },
        {
            "direct": "https://www.joyn.de/serien/das-grosse-allgemeinwissensquiz-dp02jafty5r9/1-4-irrelevant-oder-irre-relevant-das-muss-jede-r-wissen",
            "filter": "https://www.tvspielfilm.de/mediathek/das-grosse-allgemeinwissensquiz,661515fe74508655b0679dbc.html",
            "name": "02.05.  Das gro\u00dfe Allgemeinwissensquiz - D 2024 | Quizshow  (SAT.1)",
            "station": "SAT.1",
            "tvshow": "Das gro\u00dfe Allgemeinwissensquiz"
        },
        {
            "direct": "https://www.ardmediathek.de/video/Y3JpZDovL21kci5kZS9zZW5kdW5nLzI4MjA0MC80NDY0MTAtNDE3MTMx/",
            "filter": "https://www.tvspielfilm.de/mediathek/die-moeglichkeit-des-wunderbaren-der-maler-aris-kalaizis,6615214d74508655b067c00b.html",
            "name": "02.05.  Die M\u00f6glichkeit des Wunderbaren \u2013 Der Maler Aris Kalaizis - 2024 | Kulturmagazin  (MDR)",
            "station": "MDR",
            "tvshow": "Die M\u00f6glichkeit des Wunderbaren \u2013 Der Maler Aris Kalaizis"
        },
        {
            "direct": "https://www.ardmediathek.de/video/Y3JpZDovL25kci5kZS8xODE0N2M0My02ZTA5LTQ1ZTgtYTYxYy0xY2VkYWExMWQ5ZDZfZ2FuemVTZW5kdW5n/",
            "filter": "https://www.tvspielfilm.de/mediathek/extra-3,6615215d74508655b067c29a.html",
            "name": "02.05.  extra 3 - 2024 | Satiremagazin  (Das Erste)",
            "station": "Das Erste",
            "tvshow": "extra 3"
        },
        {
            "direct": "https://www.joyn.de/serien/germanys-next-topmodel/19-12-fashion-week-spezial-drei-designer-drei-shows",
            "filter": "https://www.tvspielfilm.de/mediathek/germanys-next-topmodel-by-heidi-klum,661515fd74508655b0679d5b.html",
            "name": "02.05.  Germany's Next Topmodel \u2013 by Heidi Klum - Germanys Next Topmodel \u2013 by Heidi Klum - D 2024 | Castingshow  (ProSieben)",
            "station": "ProSieben",
            "tvshow": "Germany's Next Topmodel \u2013 by Heidi Klum"
        },
        {
            "direct": "https://www.zdf.de/show/neo-ragazzi/neo-ragazzi-122.html",
            "filter": "https://www.tvspielfilm.de/mediathek/neo-ragazzi,6615214e74508655b067c03f.html",
            "name": "02.05.  Neo Ragazzi - D 2023 | Talkshow  (ZDFneo)",
            "station": "ZDFneo",
            "tvshow": "Neo Ragazzi"
        },
        {
            "direct": "https://www.ardmediathek.de/video/Y3JpZDovL2JyLmRlL2Jyb2FkY2FzdFNjaGVkdWxlU2xvdC80MDQ2MzMyNjE4MTNfRjIwMjNXTzAyMTg0MkEwL3NlY3Rpb24vYzFmMGEyOTgtYWMwMC00MjZjLWI2MGYtMTVlZjk2Yzc1ZDVh/",
            "filter": "https://www.tvspielfilm.de/mediathek/ringlstetter,6615214c74508655b067bf68.html",
            "name": "02.05.  Ringlstetter - D | Talkshow  (BR)",
            "station": "BR",
            "tvshow": "Ringlstetter"
        },
        {
            "direct": "https://www.zdf.de/show/die-grosse-terra-x-show/spektakulaere-hoechstleistungen-100.html",
            "filter": "https://www.tvspielfilm.de/mediathek/die-grosse-terra-x-show,6614075774508655b0659fd2.html",
            "name": "01.05.  Die gro\u00dfe \"Terra X\"-Show - Die gro\u00dfe Terra X-Show - D 2024 | Show  (ZDF)",
            "station": "ZDF",
            "tvshow": "Die gro\u00dfe \"Terra X\"-Show"
        }
    ]
}