{
    "videos": [
        {
            "direct": "https://www.zdf.de/serien/in-80-tagen-um-die-welt/in-80-tagen-um-die-welt-1-100.html",
            "filter": "https://www.tvspielfilm.de/mediathek/in-80-tagen-um-die-welt,65e59a6e8307b9171ec18bbe.html",
            "name": "27.03.  In 80 Tagen um die Welt - F/D/I 2021 | Abenteuerserie  (ZDFneo)",
            "station": "ZDFneo",
            "tvshow": "In 80 Tagen um die Welt"
        },
        {
            "direct": "https://www.ardmediathek.de/video/Y3JpZDovL25kci5kZS80OTg3XzIwMjQtMDMtMjYtMjAtMTU/",
            "filter": "https://www.tvspielfilm.de/mediathek/kafka,65e1e595f8364258bd143576.html",
            "name": "26.03.  Kafka - D/A 2024 | Dramaserie  (Das Erste)",
            "station": "Das Erste",
            "tvshow": "Kafka"
        },
        {
            "direct": "https://www.zdf.de/filme/der-fernsehfilm-der-woche/der-fall-marianne-voss-100.html",
            "filter": "https://www.tvspielfilm.de/mediathek/der-fall-marianne-voss,65e1aa9df8364258bd1350e7.html",
            "name": "25.03.  Der Fall Marianne Voss - D 2024 | Krimidrama  (ZDF)",
            "station": "ZDF",
            "tvshow": "Der Fall Marianne Voss"
        },
        {
            "direct": "https://www.ardmediathek.de/video/Y3JpZDovL2Rhc2Vyc3RlLmRlL2Zlcm5zZWhmaWxtZSBpbSBlcnN0ZW4vMjAyNC0wMy0yMl8yMC0xNS1NRVo/",
            "filter": "https://www.tvspielfilm.de/mediathek/voruebergehend-gluecklich-opimaral,65df0ff7f8364258bd0d9901.html",
            "name": "22.03.  Vor\u00fcbergehend gl\u00fccklich: Opimaral - D 2024 | Drama  (Das Erste)",
            "station": "Das Erste",
            "tvshow": "Vor\u00fcbergehend gl\u00fccklich: Opimaral"
        },
        {
            "direct": "https://www.ardmediathek.de/video/Y3JpZDovL2Rhc2Vyc3RlLmRlL2Rlci1ib3plbi1rcmltaS8yMDI0LTAzLTIxXzIwLTE1LU1FWg/",
            "filter": "https://www.tvspielfilm.de/mediathek/der-bozen-krimi-geheime-bruderschaft,65ddcc168c39e516e1d8fc14.html",
            "name": "21.03.  Der Bozen-Krimi: Geheime Bruderschaft - D 2024 | Krimi  (Das Erste)",
            "station": "Das Erste",
            "tvshow": "Der Bozen-Krimi: Geheime Bruderschaft"
        },
        {
            "direct": "https://www.joyn.de/serien/germanys-next-topmodel/19-6-das-grosse-gntm-umstyling",
            "filter": "https://www.tvspielfilm.de/mediathek/germanys-next-topmodel-by-heidi-klum,65ddcc248c39e516e1d8fcc7.html",
            "name": "21.03.  Germany's Next Topmodel \u2013 by Heidi Klum - Germanys Next Topmodel \u2013 by Heidi Klum - D 2024 | Castingshow  (ProSieben)",
            "station": "ProSieben",
            "tvshow": "Germany's Next Topmodel \u2013 by Heidi Klum"
        },
        {
            "direct": "https://www.zdf.de/serien/mandat-fuer-mai/vogtland-anwaltsserie-im-vogtland-100.html",
            "filter": "https://www.tvspielfilm.de/mediathek/mandat-fuer-mai,65dde9edf8364258bd050456.html",
            "name": "21.03.  Mandat f\u00fcr Mai - D 2024 | Anwaltsserie  (ZDF)",
            "station": "ZDF",
            "tvshow": "Mandat f\u00fcr Mai"
        },
        {
            "direct": "https://www.ardmediathek.de/video/Y3JpZDovL3dkci5kZS9CZWl0cmFnLXNvcGhvcmEtOTZmZDM3YzgtZWRkOS00YmVlLThkZWQtZjUxNDYyYjgyYjBh/",
            "filter": "https://www.tvspielfilm.de/mediathek/inspector-foyle,65dcabb88c39e516e1d68796.html",
            "name": "20.03.  Inspector Foyle - GB 2002 | Krimiserie  (ONE)",
            "station": "ONE",
            "tvshow": "Inspector Foyle"
        },
        {
            "direct": "https://www.ardmediathek.de/video/Y3JpZDovL2Rhc2Vyc3RlLmRlL2ZpbG1taXR0d29jaCBpbSBlcnN0ZW4vMjAyNC0wMy0yMF8yMC0xNS1NRVo/",
            "filter": "https://www.tvspielfilm.de/mediathek/wo-ist-die-liebe-hin,65dcabb68c39e516e1d68713.html",
            "name": "20.03.  Wo ist die Liebe hin - D 2020 | Familiendrama  (Das Erste)",
            "station": "Das Erste",
            "tvshow": "Wo ist die Liebe hin"
        },
        {
            "direct": "https://www.zdf.de/dokumentation/zdfzeit/die-tricks-der-supermaerkte---mit-pia-osterhaus-100.html",
            "filter": "https://www.tvspielfilm.de/mediathek/die-tricks-der-supermaerkte,65dc71cc8c39e516e1d5bb64.html",
            "name": "19.03.  Die Tricks der Superm\u00e4rkte - D 2024 | Verbraucherreportage  (ZDF)",
            "station": "ZDF",
            "tvshow": "Die Tricks der Superm\u00e4rkte"
        },
        {
            "direct": "https://www.ardmediathek.de/video/Y3JpZDovL2Rhc2Vyc3RlLmRlL2VybGVibmlzIGVyZGUvMjAyNC0wMy0xOF8yMC0xNS1NRVo/",
            "filter": "https://www.tvspielfilm.de/mediathek/amerikas-grosse-seen,65d8b6608c39e516e1d12b9d.html",
            "name": "18.03.  Amerikas Gro\u00dfe Seen - D 2024 | Dokumentation  (Das Erste)",
            "station": "Das Erste",
            "tvshow": "Amerikas Gro\u00dfe Seen"
        },
        {
            "direct": "https://www.zdf.de/serien/oxen/spuren-einer-toten-nach-der-thrillerreihe-oxen-von-jens-henrik-jensen-100.html",
            "filter": "https://www.tvspielfilm.de/mediathek/oxen,65d8b7408c39e516e1d13af8.html",
            "name": "18.03.  Oxen - D\u00e4n. 2023 | Thrillerserie  (ZDF)",
            "station": "ZDF",
            "tvshow": "Oxen"
        },
        {
            "direct": "https://www.joyn.de/serien/wer-stiehlt-mir-die-show/7-6-wer-stiehlt-sarah-connor-die-show",
            "filter": "https://www.tvspielfilm.de/mediathek/wer-stiehlt-sarah-connor-die-show,65d87f0f8c39e516e1d04f82.html",
            "name": "17.03.  Wer stiehlt Sarah Connor die Show? - D 2024 | Show  (ProSieben)",
            "station": "ProSieben",
            "tvshow": "Wer stiehlt Sarah Connor die Show?"
        },
        {
            "direct": "https://www.zdf.de/serien/ein-starkes-team/ein-starkes-team---und-vergib-ihnen-ihre-schuld-100.html",
            "filter": "https://www.tvspielfilm.de/mediathek/ein-starkes-team-und-vergib-ihnen-ihre-schuld,65d767fc8c39e516e1cdce28.html",
            "name": "16.03.  Ein starkes Team: Und vergib ihnen ihre Schuld - D 2024 | Krimi  (ZDF)",
            "station": "ZDF",
            "tvshow": "Ein starkes Team: Und vergib ihnen ihre Schuld"
        },
        {
            "direct": "https://www.zdf.de/serien/der-staatsanwalt/gut-genug-100.html",
            "filter": "https://www.tvspielfilm.de/mediathek/der-staatsanwalt,65d615338c39e516e1ca9cb0.html",
            "name": "15.03.  Der Staatsanwalt - D 2024 | Krimiserie  (ZDF)",
            "station": "ZDF",
            "tvshow": "Der Staatsanwalt"
        },
        {
            "direct": "https://www.ardmediathek.de/video/Y3JpZDovL2Rhc2Vyc3RlLmRlL2ZpbG1taXR0d29jaCBpbSBlcnN0ZW4vMjAyNC0wMy0xM18yMC0xNS1NRVo/",
            "filter": "https://www.tvspielfilm.de/mediathek/faltenfrei,65d48a858c39e516e1c6b905.html",
            "name": "13.03.  Faltenfrei - D 2021 | Kom\u00f6die  (Das Erste)",
            "station": "Das Erste",
            "tvshow": "Faltenfrei"
        },
        {
            "direct": "https://www.zdf.de/serien/reset-wie-weit-willst-du-gehen/sturmtief-sechsteilige-drama-serie-100.html",
            "filter": "https://www.tvspielfilm.de/mediathek/reset-wie-weit-willst-du-gehen,65d32fc08c39e516e1c38842.html",
            "name": "11.03.  RESET \u2013 Wie weit willst du gehen? - D 2024 | Dramaserie  (ZDF)",
            "station": "ZDF",
            "tvshow": "RESET \u2013 Wie weit willst du gehen?"
        },
        {
            "direct": "https://www.ardmediathek.de/video/Y3JpZDovL2Rhc2Vyc3RlLmRlL2VybGVibmlzIGVyZGUvMjAyNC0wMy0xMV8yMC0xNS1NRVo/",
            "filter": "https://www.tvspielfilm.de/mediathek/schweden,65d32fa88c39e516e1c3855f.html",
            "name": "11.03.  Schweden - D 2024 | Dokumentation  (Das Erste)",
            "station": "Das Erste",
            "tvshow": "Schweden"
        },
        {
            "direct": "https://www.joyn.de/serien/wer-stiehlt-mir-die-show/7-5-jokos-grosses-comeback",
            "filter": "https://www.tvspielfilm.de/mediathek/wer-stiehlt-mir-die-show,65cf7d1992c15612b450804b.html",
            "name": "10.03.  Wer stiehlt mir die Show? - D 2024 | Show  (ProSieben)",
            "station": "ProSieben",
            "tvshow": "Wer stiehlt mir die Show?"
        },
        {
            "direct": "https://www.zdf.de/serien/wendland/wendland---stiller-und-das-grosse-schweigen-100.html",
            "filter": "https://www.tvspielfilm.de/mediathek/wendland-stiller-und-das-grosse-schweigen,65cf4ed392c15612b44fe365.html",
            "name": "09.03.  Wendland: Stiller und das gro\u00dfe Schweigen - D 2024 | Krimireihe  (ZDF)",
            "station": "ZDF",
            "tvshow": "Wendland: Stiller und das gro\u00dfe Schweigen"
        },
        {
            "direct": "https://www.ardmediathek.de/video/Y3JpZDovL25kci5kZS9wcm9wbGFuXzE5NjM1NTcyOV9nYW56ZVNlbmR1bmc/",
            "filter": "https://www.tvspielfilm.de/mediathek/maretv,65cde7d692c15612b44c8489.html",
            "name": "07.03.  mareTV - D 2024 | Reisereportage  (NDR)",
            "station": "NDR",
            "tvshow": "mareTV"
        },
        {
            "direct": "https://www.3sat.de/film/spuren-des-boesen/sehnsucht-102.html",
            "filter": "https://www.tvspielfilm.de/mediathek/spuren-des-boesen-sehnsucht,65c9fcc092c15612b444bbe4.html",
            "name": "05.03.  Spuren des B\u00f6sen: Sehnsucht - A/D 2019 | Krimi  (3sat)",
            "station": "3sat",
            "tvshow": "Spuren des B\u00f6sen: Sehnsucht"
        },
        {
            "direct": "https://www.joyn.de/serien/wer-stiehlt-mir-die-show/7-4-wer-stiehlt-klaas-die-show",
            "filter": "https://www.tvspielfilm.de/mediathek/wer-stiehlt-klaas-heufer-umlauf-die-show,65c4f0c89de80947e69ab1f3.html",
            "name": "03.03.  Wer stiehlt Klaas Heufer-Umlauf die Show? - D 2024 | Show  (ProSieben)",
            "station": "ProSieben",
            "tvshow": "Wer stiehlt Klaas Heufer-Umlauf die Show?"
        },
        {
            "direct": "https://www.zdf.de/serien/der-bergdoktor/zerreissprobe-102.html",
            "filter": "https://www.tvspielfilm.de/mediathek/der-bergdoktor,65c203d59de80947e6935b26.html",
            "name": "29.02.  Der Bergdoktor - D/A 2024 | Familienserie  (ZDF)",
            "station": "ZDF",
            "tvshow": "Der Bergdoktor"
        },
        {
            "direct": "https://www.ardmediathek.de/video/Y3JpZDovL2Rhc2Vyc3RlLmRlL2Rlci1tYXN1cmVuLWtyaW1pLzIwMjQtMDItMjlfMjAtMTUtTUVa/",
            "filter": "https://www.tvspielfilm.de/mediathek/der-masuren-krimi-blutgeld,65c203c69de80947e69358e2.html",
            "name": "29.02.  Der Masuren-Krimi: Blutgeld - D 2024 | Krimi  (Das Erste)",
            "station": "Das Erste",
            "tvshow": "Der Masuren-Krimi: Blutgeld"
        },
        {
            "direct": "https://www.ardmediathek.de/video/Y3JpZDovL25kci5kZS83ZTZlMmIzYi01ODcwLTQ2NGItOWUyNi0yMDZkMWNjY2VkMmE/",
            "filter": "https://www.tvspielfilm.de/mediathek/extra-3,65c203fa9de80947e6936137.html",
            "name": "29.02.  extra 3 - 2024 | Satiremagazin  (Das Erste)",
            "station": "Das Erste",
            "tvshow": "extra 3"
        },
        {
            "direct": "https://www.zdf.de/serien/der-schwarm/folge-1-274.html",
            "filter": "https://www.tvspielfilm.de/mediathek/der-schwarm,65c0ce8d9de80947e6917aad.html",
            "name": "27.02.  Der Schwarm - D/I/F/B/A/CH/Jap. 2023 | Science-Fiction-Serie  (3sat)",
            "station": "3sat",
            "tvshow": "Der Schwarm"
        }
    ]
}