{"me": {"account": {"id": "JNDE-f02bcc06-6f73-4a27-af86-5244c9590c35"}, "state": "code=R_A", "productSubscriptions": [], "subscriptionsData": {"config": {"isEligibleForPlusTrialPeriod": true, "hasActivePlus": false, "hasActiveHD": false, "products": [{"type": "PLUS", "id": "deplus", "name": "Joyn PLUS+", "price": 699, "introPrice": null, "freeTrialUntil": 1715637599, "introPriceUntil": null, "introMonths": null, "freeTrialMonths": null, "freeTrialDays": null, "introOfferUntil": null}]}}, "bookmarkedBrandIds": []}}