<passwords>
    <path>
        <from pathversion="1">ftp://80.137.146.2/extern_old</from>
        <to pathversion="1">ftp://firetv:firetvpw24@80.137.146.2:1984/extern_old/kodi/</to>
    </path>
    <path>
        <from pathversion="1">ftp://jxu7qd71e6b2wgce.myfritz.net/extern_old</from>
        <to pathversion="1">ftp://firetv:firetvpw24@jxu7qd71e6b2wgce.myfritz.net:1984/extern_old/</to>
    </path>
    <path>
        <from pathversion="1">smb://fritz.box/NAS</from>
        <to pathversion="1">smb://NasTv:nastvpw24@fritz.box/NAS/extern_old/</to>
    </path>
</passwords>
