{
  "tv": {
    "46518": {
      "seasons": {
        "1": {
          "episodes": {
            "1": {
              "log_msg": "added strm file",
              "path": "special://profile/addon_data/plugin.video.themoviedb.helper/tvshows/Masters of the Air (2024)/Season 1/S01E01 - Part One.strm"
            },
            "2": {
              "log_msg": "added strm file",
              "path": "special://profile/addon_data/plugin.video.themoviedb.helper/tvshows/Masters of the Air (2024)/Season 1/S01E02 - Part Two.strm"
            },
            "3": {
              "log_msg": "added strm file",
              "path": "special://profile/addon_data/plugin.video.themoviedb.helper/tvshows/Masters of the Air (2024)/Season 1/S01E03 - Part Three.strm"
            },
            "4": {
              "log_msg": "added strm file",
              "path": "special://profile/addon_data/plugin.video.themoviedb.helper/tvshows/Masters of the Air (2024)/Season 1/S01E04 - Part Four.strm"
            },
            "5": {
              "log_msg": "added strm file",
              "path": "special://profile/addon_data/plugin.video.themoviedb.helper/tvshows/Masters of the Air (2024)/Season 1/S01E05 - Part Five.strm"
            },
            "6": {
              "log_msg": "added strm file",
              "path": "special://profile/addon_data/plugin.video.themoviedb.helper/tvshows/Masters of the Air (2024)/Season 1/S01E06 - Part Six.strm"
            },
            "7": {
              "log_msg": "added strm file",
              "path": "special://profile/addon_data/plugin.video.themoviedb.helper/tvshows/Masters of the Air (2024)/Season 1/S01E07 - Part Seven.strm"
            },
            "8": {
              "log_msg": "added strm file",
              "path": "special://profile/addon_data/plugin.video.themoviedb.helper/tvshows/Masters of the Air (2024)/Season 1/S01E08 - Part Eight.strm"
            },
            "9": {
              "log_msg": "added strm file",
              "path": "special://profile/addon_data/plugin.video.themoviedb.helper/tvshows/Masters of the Air (2024)/Season 1/S01E09 - Part Nine.strm"
            }
          }
        }
      }
    }
  }
}