<addon id="skin.quartzstart" version="1.21.0" name="Quartzstart" provider-name="nonjon">
  <requires>
    <import addon="xbmc.gui" version="5.17.0"/>
    <import addon="script.favourites" version="4.0.4"/>
  </requires>
  
  <extension
    point="xbmc.gui.skin" debugging="false">
    <res width="1920" height="1080" aspect="16:9" default="true" folder="16x9" />
  </extension>
      
  <extension point="xbmc.addon.metadata">
    <platform>all</platform>
	<license>CC BY-SA 4.0, GNU GENERAL PUBLIC LICENSE Version 2.0</license>
	<summary lang="en_GB">A no-nonsense UI designed to showcase your fanart.</summary>
    <summary lang="en_US">A no-nonsense UI designed to showcase your fanart.</summary>
	<description lang="en_GB">Quartz is a light-weight skin with a intuitive user interface and highly customizable home screen.</description>
    <description lang="en_US">Quartz is a light-weight skin with a intuitive user interface and highly customizable home screen.</description>
	<disclaimer lang="en_GB">Original skin design by: pecinko</disclaimer>
	<disclaimer lang="en_US">Original skin design by: pecinko</disclaimer>
	<forum>https://forum.kodi.tv/showthread.php?tid=353579</forum>
	<source>https://github.com/nonJon/skin.quartz</source>
	<assets>
		<icon>resources/icon.png</icon>
		<fanart>resources/fanart.jpg</fanart>
	</assets>
  </extension>
</addon>
