<?xml version="1.0" encoding="UTF-8"?>
<window>
	<!--<onload condition="system.hasaddon(script.artistslideshow)">RunScript(script.artistslideshow)</onload>-->
	<defaultcontrol></defaultcontrol> 
	<include>OpenClose</include>
	<controls>
		<control type="group">
			<control type="image" description="FA">
				<!--<visible>Skin.HasSetting(_HideMusicPlayerFanart) + String.IsEmpty(Window(Visualisation).Property(ArtistSlideshow))</visible>-->
				<visible>!Skin.HasSetting(_HideMusicPlayerFanart)</visible>
				<include>Dimensions_Fullscreen</include>
				<fadetime>500</fadetime>
				<animation effect="zoom" start="105" end="130" center="auto" time="10000" tween="sine" easing="inout" pulse="true" condition="Skin.HasSetting(_AnimateMusicPlayerFanart)">Conditional</animation>
			<animation effect="slide" start="-30,-30" end="30,30" time="6000" tween="sine" easing="inout" pulse="true" condition="Skin.HasSetting(_AnimateMusicPlayerFanart)">Conditional</animation>
				<texture background="true">$INFO[MusicPlayer.Property(Fanart_Image)]</texture>
			</control>
			<control type="visualisation" id="2" description="Visualisation">
				<include>Dimensions_Fullscreen</include>
			</control>
			<control type="multiimage" description="Slideshow">
				<visible>false + !Skin.HasSetting(_HideMusicPlayerFanart) + !String.IsEmpty(Window(Visualisation).Property(ArtistSlideshow))</visible>
				<include>Dimensions_Fullscreen</include>
				<imagepath background="true">$INFO[Window(Visualisation).Property(ArtistSlideshow)]</imagepath>
				<aspectratio aligny="top">scale</aspectratio>
				<timeperimage>14000</timeperimage>
				<fadetime>1000</fadetime>
				<randomize>true</randomize>
				<animation effect="fade" time="0" end="70" condition="True">Conditional</animation>
			</control>
			<control type="image" description="Visualisation Overlay">
				<include>Dimensions_Fullscreen</include>
				<texture border="1,0,1,0">img/MusicPlayerOverlay.png</texture>
				<animation effect="fade" time="300">Visible</animation>
				<animation effect="fade" time="200">Hidden</animation>
			</control>
			<control type="progress" id="23" description="Progress Bar">
				<visible>false</visible>
				<posx>-840</posx>
				<posy>-750</posy>
				<width>50</width>
				<info>Player.Progress</info>
			</control>
			<control type="group" description="INFO grouped for visibility sake">
				<visible>![Window.IsVisible(AddonSettings) | Window.IsVisible(SelectDialog) | Window.IsVisible(VisualisationPresetList)]</visible>
				<visible>!Window.IsActive(playerprocessinfo) + [Player.ShowInfo | Window.IsActive(musicosd)]</visible>
				<animation effect="fade" time="500">Visible</animation>
				<animation effect="fade" time="200">Hidden</animation>
				<control type="group" description="Info panel LEFT">
					<posx>-30</posx>
					<posy>120</posy>
					<animation type="Conditional" condition="!Skin.HasSetting(NoMusicAnime) + !Integer.IsGreater(Control.GetLabel(23),0)" reversible="false">
						<effect type="zoom" tween="quadratic" start="0" end="100" time="500" center="640,360" />
						<effect type="fade" start="0" end="100" time="800" center="640,360" />
					</animation>
					<animation type="Conditional" condition="!Skin.HasSetting(NoMusicAnime) + String.IsEqual(Control.GetLabel(23),100)" reversible="false">
						<effect type="zoom" tween="quadratic" easing="in" start="100" end="260" time="300" center="640,360" />
						<effect type="fade" start="100" end="0" easing="out" time="300" />
					</animation>
					<animation type="Conditional" condition="!Skin.HasSetting(NoMusicAnime) + Integer.IsGreater(Control.GetLabel(23),30) + !Integer.IsGreater(Control.GetLabel(23),60)" reversible="false">
						<effect type="rotatey" tween="quadratic" start="0" end="180" time="1000" center="960,540" />
						<effect type="fade" start="100" end="0" time="400" center="640,360" />
					</animation>
					<animation type="Conditional" condition="!Skin.HasSetting(NoMusicAnime) + ![Integer.IsGreater(Control.GetLabel(23),30) + !Integer.IsGreater(Control.GetLabel(23),60)]" reversible="false">
						<effect type="rotatey" tween="quadratic" start="180" end="0" time="1000" center="960,540" />
						<effect type="fade" start="0" end="100" delay="300" time="700" center="640,360" />
					</animation>
					<animation type="Conditional" condition="Skin.HasSetting(NoMusicAnime) + !Integer.IsGreater(Control.GetLabel(23),0)" reversible="false">
						<effect type="fade" start="0" end="100" time="800" center="640,360" />
					</animation>
					<animation type="Conditional" condition="Skin.HasSetting(NoMusicAnime) + String.IsEqual(Control.GetLabel(23),100)" reversible="false">
						<effect type="fade" start="100" end="0" easing="out" time="300" />
					</animation>
					<control type="group" description="Main Labels"> 
						<control type="group" description="Music Cover group">
							<posy>330</posy>
							<posx>-580</posx>
							<control type="image" description="MusicAlbum">
								<posx>0</posx>
								<posy>0</posy>
								<height>480</height>
								<width>480</width>
								<fadetime>300</fadetime>
								<aspectratio aligny="bottom">stretch</aspectratio>
								<texture fallback="DefaultFolder.png" background="true">$INFO[MusicPlayer.Cover]</texture>
								<bordertexture border="12">img/ThumbBorder.png</bordertexture>
								<bordersize>9</bordersize>
							</control>
						</control>
						<posx>714</posx>
						<control type="label" description="Title label">
							<posx>0</posx>
							<posy>525</posy>
							<width>925</width>
							<scroll>true</scroll>
							<align>left</align>
							<font>size28B</font>
							<textcolor>HL</textcolor>
							<animation effect="fade" time="200">VisibleChange</animation>
							<label>$INFO[MusicPlayer.Title]</label>
						</control>
						<control type="label" description="Artist">
							<posx>0</posx>
							<posy>585</posy>
							<width>900</width>
							<label>$INFO[MusicPlayer.Artist]</label>
							<scroll>true</scroll>
							<align>left</align>
							<font>size25</font>
						</control>
						<control type="label" description="Album">
							<posy>636</posy>
							<width>900</width>
							<label>$INFO[MusicPlayer.Album]</label>
							<align>left</align>
							<font>size25</font>
						</control>
						<control type="label" description="Track position">
							<posx>0</posx>
							<posy>690</posy>
							<width>900</width>
							<align>left</align>
							<animation effect="fade" time="200">VisibleChange</animation>
							<label> $INFO[MusicPlayer.year] </label>
							<!--<label>[B]$INFO[MusicPlayer.PlaylistPosition] $LOCALIZE[20163] $INFO[MusicPlayer.PlaylistLength][/B]</label>  -->
							<font>size17</font>
						</control>
						<control type="image" description="Rating">
							<posx>120</posx>
							<posy>715</posy>
							<height>26</height>
							<width>150</width>
							<aspectratio align="left">keep</aspectratio>
							<texture colordiffuse="Grey2">badges/$VAR[MediaRating]</texture>
						</control>
						<control type="group">
							<posy>756</posy>
							<control type="label">
								<posx>0</posx>
								<posy>0</posy>
								<height>30</height>
								<width>123</width>
								<align>left</align>
								<label>[B]$INFO[Player.Time][/B]</label>
								<font>size17</font>
							</control>
							<control type="progress" description="Progress Bar">
								<posx>122</posx>
								<posy>8</posy>
								<width>700</width>
								<height>15</height>
								<!-- <texturebg>Controls/ProgressBackground.png</texturebg>  -->
								<info>Player.Progress</info>
							</control>
							<control type="label">
								<posx>955</posx>
								<posy>0</posy>
								<height>30</height>
								<width>123</width>
								<align>right</align>
								<label fallback="-:-">[B]$INFO[Player.TimeRemaining,-][/B]</label>
								<font>size17</font>
							</control>
							<control type="label">
								<posx>777</posx>
								<posy>45</posy>
								<height>30</height>
								<width>135</width>
								<align>left</align>
								<label>$INFO[Control.GetLabel(23)]</label>
								<font>size17</font>
								<textcolor>Red</textcolor>
								<visible>Skin.HasSetting(DebugInfo)</visible>
							</control>
						</control>
					</control>
				</control>
				<control type="group" description="Info panel RIGHT">
					<posx>168</posx>
					<posy>120</posy>
					<visible>Integer.IsGreater(Control.GetLabel(23),30) + !Integer.IsGreater(Control.GetLabel(23),60) + !Skin.HasSetting(NoMusicAnime)</visible>
					<animation type="Visible" reversible="false">
						<effect type="rotatey" tween="quadratic" start="-180" end="0" time="1000" center="960," />
						<effect type="fade" start="0" end="100" delay="300" time="700" center="640,360" />
					</animation>
					<animation type="Hidden" reversible="false">
						<effect type="rotatey" tween="quadratic" start="0" end="-180" time="1000" center="960," />
						<effect type="fade" start="100" end="0" time="400" center="640,360" />
					</animation>
					<control type="group" description="Music Cover group">
						<posy>330</posy>
						<posx>1170</posx>
						<control type="image" description="MusicAlbum">
							<posx>0</posx>
							<posy>0</posy>
							<height>480</height>
							<width>480</width>
							<fadetime>300</fadetime>
							<aspectratio aligny="bottom">stretch</aspectratio>
							<texture fallback="DefaultFolder.png" background="true">$INFO[MusicPlayer.Cover]</texture>
							<bordertexture border="12">img/ThumbBorder.png</bordertexture>
							<bordersize>9</bordersize>
						</control>
					</control>
					<control type="group" description="Main Labels">
						<posx>1041</posx>
						<control type="label" description="Title label">
							<posx>0</posx>
							<posy>525</posy>
							<width>925</width>
							<scroll>true</scroll>
							<align>right</align>
							<font>size28B</font>
							<textcolor>HL</textcolor>
							<animation effect="fade" time="200">VisibleChange</animation>
							<label>$INFO[MusicPlayer.Title]</label>
						</control>
						<control type="label" description="Artist">
							<posx>0</posx>
							<posy>585</posy>
							<width>900</width>
							<label>$INFO[MusicPlayer.Artist]</label>
							<scroll>true</scroll>
							<align>right</align>
							<font>size25</font>
						</control>
						<control type="label" description="Album">
							<posx>0</posx>
							<posy>636</posy>
							<width>900</width>
							<label>$INFO[MusicPlayer.Album]</label>
							<align>right</align>
							<font>size25</font>
						</control>
						<control type="label" description="Track position">
							<posx>0</posx>
							<posy>690</posy>
							<width>900</width>
							<align>right</align>
							<animation effect="fade" time="200">VisibleChange</animation>
							<label> $INFO[MusicPlayer.year] </label>
							<!--<label>[B]$INFO[MusicPlayer.PlaylistPosition] $LOCALIZE[20163] $INFO[MusicPlayer.PlaylistLength][/B]</label>  -->
							<font>size17</font>
						</control>
						<control type="image" description="Rating">
							<posx>-274</posx>
							<posy>715</posy>
							<height>26</height>
							<width>150</width>
							<aspectratio align="left">keep</aspectratio>
							<texture colordiffuse="Grey2">badges/$VAR[MediaRating]</texture>
						</control>	
					</control>
					<control type="group">
						<posy>756</posy>
						<control type="label">
							<posx>112</posx>
							<posy>0</posy>
							<height>30</height>
							<width>123</width>
							<align>left</align>
							<label>[B]$INFO[Player.Time][/B]</label>
							<font>size17</font>
						</control>
						<control type="progress" description="Progress Bar">
							<posx>232</posx>
							<posy>8</posy>
							<width>700</width>
							<height>15</height>
							<!-- <texturebg>Controls/ProgressBackground.png</texturebg> -->
							<info>Player.Progress</info>
						</control>
						<control type="label">
							<posx>1065</posx>
							<posy>0</posy>
							<height>30</height>
							<width>123</width>
							<align>right</align>
							<label fallback="-:-">[B]$INFO[Player.TimeRemaining,-][/B]</label>
							<font>size17</font>
						</control>
						<control type="label">
							<posx>777</posx>
							<posy>45</posy>
							<height>30</height>
							<width>135</width>
							<align>left</align>
							<label>$INFO[Control.GetLabel(23)]</label>
							<font>size17</font>
							<textcolor>Red</textcolor>
							<visible>Skin.HasSetting(DebugInfo)</visible>
						</control>
					</control>
				</control>
			</control>
		</control>
		<control type="group">
			<posy>1020</posy>
			<visible>Integer.IsGreater(Control.GetLabel(23),95) | !Integer.IsGreater(Control.GetLabel(23),5)</visible>
			<animation effect="fade" time="800">VisibleChange</animation>
			<animation condition="Window.IsActive(MusicOSD.xml)" effect="slide" start="0,0" end="0,-80" time="80">Conditional</animation>
			<control type="label" description="Previous">
				<posx>30</posx>
				<height>36</height>
				<width>750</width>
				<align>left</align>
				<scroll>false</scroll>
				<scrollout>false</scrollout>
				<scrollspeed>200</scrollspeed>
				<pauseatend>5000</pauseatend>
				<label>$INFO[MusicPlayer.offset(-1).Title,[COLOR=Grey]$LOCALIZE[210]: [/COLOR]]</label>
				<font>size18</font>
				<textoffsetx>20</textoffsetx>
				<textcolor>Grey3</textcolor>
			</control>
			<control type="label" description="Next">
				<posx>1890</posx>
				<height>36</height>
				<width>750</width>
				<align>right</align>
				<scroll>false</scroll>
				<scrollout>false</scrollout>
				<scrollspeed>200</scrollspeed>
				<pauseatend>5000</pauseatend>
				<label>$INFO[MusicPlayer.offset(1).Title,[COLOR=Grey]$LOCALIZE[209]: [/COLOR]]</label>
				<font>size18</font>
				<textoffsetx>20</textoffsetx>
				<textcolor>Grey3</textcolor>
			</control>
		</control>
	</controls>
</window>