{
    "name": "RTL_",
    "plugin": "plugin.video.themoviedb.helper",
    "priority": 100,
    "is_resolvable": "true",
    "make_playlist": "true",
    "assert": {
        "play_movie": [
            "title",
            "year"
        ],
        "play_episode": [
            "showname",
            "season",
            "episode"
        ],
        "search_movie": [
            "title"
        ],
        "search_episode": [
            "showname"
        ]
    },
    "play_movie": [
        "plugin://plugin.video.themoviedb.helper/?_=search&query={title_url}",
        {
            "strict": "true",
            "title": "(?i)^(\\[.*\\])?.*{title}.*(\\[.*\\])?$",
            "year": "{year}",
            "dialog": "auto"
        }
    ],
    "play_episode": [
        "plugin://plugin.video.themoviedb.helper/?_=search&query={showname_url}",
        {
            "title": "(?i)^(\\[.*\\])?{showname}(\\[.*\\])?$"
        },
        {
            "return": "true",
            "season": "^{season}$",
            "episode": "^{episode}$"
        },
        {
            "title": "(?i)^Season {season}$"
        },
        {
            "strict": "true",
            "season": "^{season}$",
            "episode": "^{episode}$",
            "dialog": "auto"
        }
    ],
    "search_movie": "plugin://plugin.video.themoviedb.helper/?_=search&query={title_url}",
    "search_episode": "plugin://plugin.video.themoviedb.helper/?_=search&query={showname_url}",
    "disabled": "true"
}