<?xml version="1.0" encoding="UTF-8" standalone="yes"?>
<addon id="repository.thunderv3" name="thunderv3 Repo" provider-name="Thunderv3" version="3.0">
	<extension point="xbmc.addon.repository" name="Thunderv3 Repo">
		<dir>
			<info compressed="false">https://thunderv3.github.io/repos/addons.xml</info>
			<checksum>https://thunderv3.github.io/repos/addons.xml.md5</checksum>
			<datadir zip="true">https://thunderv3.github.io/repos/</datadir>
		</dir>
	</extension>
	<extension point="xbmc.addon.metadata">
		<platform>all</platform>
		<summary lang="de">Thunderv3 Repository</summary>
		<description lang="de">Please do NOT post this Repository on the internet, thank you. By Thunderv3.	</description>
		<disclaimer lang="de">Bitte, die Repo nicht verteilen.</disclaimer>
		<website>https://thunderv3.github.io/</website>
		<assets>
			<icon>icon.png</icon>
			<fanart>fanart.jpg</fanart>
		</assets> 
	</extension>
</addon>